============================================================
  Generated by:           Genus(TM) Synthesis Solution 22.11-s104_1
  Generated on:           Dec 05 2025  08:14:44 pm
  Module:                 caliptra_top
  Operating conditions:   ss_1.62_125 
  Interconnect mode:      global
  Area mode:              physical library
============================================================


Path 1: UNCONSTRAINED
           View: ss_100C_1v60.setup_view
     Startpoint: (R) soc_ifc_top1/i_axi_sub_sif_soc_ifc/i_axi_sub_rd/DATA_PIPELINE[0].i_dp_skd/BUF_STAGE.r_valid_reg/CK
          Clock: (R) clk
       Endpoint: (F) s_axi_r_if_rdata[31]

                     Capture    Launch     
        Clock Edge:+       -         0     
       Src Latency:+       -         0     
       Net Latency:+       -         0 (I) 
           Arrival:=       -         0     
                                           
      Launch Clock:-       0               
         Data Path:-   15753               

#------------------------------------------------------------------------------------------------------------------------------------------------------------------------------------
#                                           Timing Point                                             Flags   Arc   Edge   Cell      Power Fanout  Load  Trans Delay Arrival Instance 
#                                                                                                                                  Domain         (fF)   (ps)  (ps)   (ps)  Location 
#------------------------------------------------------------------------------------------------------------------------------------------------------------------------------------
  soc_ifc_top1/i_axi_sub_sif_soc_ifc/i_axi_sub_rd/DATA_PIPELINE[0].i_dp_skd/BUF_STAGE.r_valid_reg/CK -       -     R     (arrival)  AO      5074      -     0     0       0    (-,-) 
  soc_ifc_top1/i_axi_sub_sif_soc_ifc/i_axi_sub_rd/DATA_PIPELINE[0].i_dp_skd/BUF_STAGE.r_valid_reg/Q  -       CK->Q R     SDFFRX4    AO        39  173.0   465   901     901    (-,-) 
  soc_ifc_top1/i_axi_sub_sif_soc_ifc/i_axi_sub_rd/DATA_PIPELINE[0].i_dp_skd/g665/Y                   -       A->Y  F     INVX2      AO         1    3.6    82   118    1020    (-,-) 
  soc_ifc_top1/i_axi_sub_sif_soc_ifc/i_axi_sub_rd/g1455/Y                                            -       B->Y  F     AND2X2     AO         4   18.2    84   248    1268    (-,-) 
  soc_ifc_top1/i_axi_sub_sif_soc_ifc/i_axi_sub_arb/g1399/Y                                           -       A->Y  R     INVX2      AO         1    4.9    50    69    1337    (-,-) 
  soc_ifc_top1/i_axi_sub_sif_soc_ifc/i_axi_sub_arb/g1388/Y                                           -       A->Y  F     NAND2X1    AO         1    5.0    88    95    1432    (-,-) 
  soc_ifc_top1/i_axi_sub_sif_soc_ifc/i_axi_sub_arb/g1386/Y                                           -       B->Y  R     NAND2X1    AO         1    7.8   108   119    1551    (-,-) 
  soc_ifc_top1/i_axi_sub_sif_soc_ifc/i_axi_sub_arb/g1385/Y                                           -       B->Y  F     NAND2X2    AO         4   36.8   219   226    1777    (-,-) 
  soc_ifc_top1/i_axi_sub_sif_soc_ifc/i_axi_sub_arb/g1384/Y                                           -       A->Y  R     CLKINVX8   AO        42  217.5   303   319    2096    (-,-) 
  soc_ifc_top1/i_axi_sub_sif_soc_ifc/i_axi_sub_arb/g1345/Y                                           -       S0->Y F     MX2X1      AO         2    7.6    87   420    2517    (-,-) 
  soc_ifc_top1/i_soc_ifc_arb/g17241/Y                                                                -       A->Y  F     OR2X1      AO         3   14.2   123   351    2868    (-,-) 
  soc_ifc_top1/i_soc_ifc_arb/g17239/Y                                                                -       C->Y  F     OR3X1      AO         2    7.6   116   426    3294    (-,-) 
  soc_ifc_top1/i_soc_ifc_arb/g17232/Y                                                                -       B->Y  F     OR2X1      AO         2    8.9    94   312    3606    (-,-) 
  soc_ifc_top1/i_soc_ifc_arb/g17231/Y                                                                -       B->Y  R     NOR2X1     AO         2    8.9   232   210    3817    (-,-) 
  soc_ifc_top1/i_soc_ifc_arb/g17230/Y                                                                -       C->Y  F     NOR3X1     AO         1    4.9    99   132    3949    (-,-) 
  soc_ifc_top1/i_soc_ifc_arb/g17229/Y                                                                -       B0->Y R     AOI21X1    AO         1    4.8   174   177    4126    (-,-) 
  soc_ifc_top1/i_soc_ifc_arb/g17228/Y                                                                -       A->Y  F     NOR2X1     AO         1    3.3    63   113    4238    (-,-) 
  soc_ifc_top1/i_soc_ifc_arb/g17227/Y                                                                -       D->Y  F     OR4X2      AO        14   58.7   319   894    5132    (-,-) 
  soc_ifc_top1/i_soc_ifc_arb/g17224/Y                                                                -       B->Y  R     NOR2X1     AO         2   19.8   465   462    5594    (-,-) 
  soc_ifc_top1/i_soc_ifc_arb/g17214/Y                                                                -       B->Y  F     NOR2X4     AO        18   82.4   206   314    5907    (-,-) 
  soc_ifc_top1/i_soc_ifc_arb/g17199/Y                                                                -       A1->Y R     AOI22X1    AO         1    7.6   254   300    6208    (-,-) 
  soc_ifc_top1/i_soc_ifc_arb/g17191/Y                                                                -       A->Y  F     CLKINVX2   AO        13   56.1   188   267    6475    (-,-) 
  soc_ifc_top1/i_soc_ifc_reg/g696981/Y                                                               -       A->Y  R     CLKINVX2   AO        11   47.9   269   278    6753    (-,-) 
  soc_ifc_top1/i_soc_ifc_reg/g696881/Y                                                               -       B->Y  R     OR3X2      AO        13   68.0   370   529    7282    (-,-) 
  soc_ifc_top1/i_soc_ifc_reg/g696809/Y                                                               -       A->Y  R     OR2X2      AO         5   19.6   127   387    7669    (-,-) 
  soc_ifc_top1/i_soc_ifc_reg/g696746/Y                                                               -       B->Y  R     OR2X2      AO        14   87.9   471   505    8174    (-,-) 
  soc_ifc_top1/i_soc_ifc_reg/g696722/Y                                                               -       A->Y  F     CLKINVX2   AO         3   10.0   114   169    8343    (-,-) 
  soc_ifc_top1/i_soc_ifc_reg/g695706/Y                                                               -       A->Y  F     AND2X2     AO        27  109.3   334   485    8827    (-,-) 
  soc_ifc_top1/i_soc_ifc_reg/g695105/Y                                                               -       A->Y  R     CLKINVX1   AO         1    7.6   162   197    9024    (-,-) 
  soc_ifc_top1/i_soc_ifc_reg/g695103/Y                                                               -       A->Y  F     CLKINVX2   AO         6   25.1    96   147    9171    (-,-) 
  soc_ifc_top1/i_soc_ifc_reg/g693498/Y                                                               -       A1->Y R     AOI22X1    AO         1    4.8  1446   218    9390    (-,-) 
  soc_ifc_top1/i_soc_ifc_reg/g690760/Y                                                               -       A->Y  F     NAND4X1    AO         1    5.0   332   518    9907    (-,-) 
  soc_ifc_top1/i_soc_ifc_reg/g690538/Y                                                               -       C0->Y R     AOI221X1   AO         1    4.9   334   369   10276    (-,-) 
  soc_ifc_top1/i_soc_ifc_reg/g690280/Y                                                               -       B->Y  F     NAND4X1    AO         1    5.0   190   279   10556    (-,-) 
  soc_ifc_top1/i_soc_ifc_reg/g690188/Y                                                               -       C0->Y R     AOI221X1   AO         1    5.0   321   321   10877    (-,-) 
  soc_ifc_top1/i_soc_ifc_reg/g690152/Y                                                               -       B->Y  F     NAND2X1    AO         1    5.0   125   186   11063    (-,-) 
  soc_ifc_top1/i_soc_ifc_reg/g690130/Y                                                               -       C0->Y R     AOI221X1   AO         1    5.0   320   297   11360    (-,-) 
  soc_ifc_top1/i_soc_ifc_reg/g690086/Y                                                               -       D->Y  F     NAND4X1    AO         1    5.0   199   260   11620    (-,-) 
  soc_ifc_top1/i_soc_ifc_reg/g690064/Y                                                               -       C0->Y R     AOI221X1   AO         1    5.0   322   324   11945    (-,-) 
  soc_ifc_top1/i_soc_ifc_reg/g690025/Y                                                               -       C->Y  F     NAND3X1    AO         1    4.9   158   222   12167    (-,-) 
  soc_ifc_top1/i_soc_ifc_reg/g690015/Y                                                               -       B0->Y R     AOI21X1    AO         1    5.0   180   203   12370    (-,-) 
  soc_ifc_top1/i_soc_ifc_reg/g689973/Y                                                               -       D->Y  F     NAND4X1    AO         1    5.0   190   208   12578    (-,-) 
  soc_ifc_top1/i_soc_ifc_reg/g689951/Y                                                               -       C0->Y R     AOI221X1   AO         1    5.0   321   321   12898    (-,-) 
  soc_ifc_top1/i_soc_ifc_reg/g689905/Y                                                               -       D->Y  F     NAND4X1    AO         1    5.0   199   261   13159    (-,-) 
  soc_ifc_top1/i_soc_ifc_reg/g689872/Y                                                               -       C0->Y R     AOI221X1   AO         1    5.0   322   324   13484    (-,-) 
  soc_ifc_top1/i_soc_ifc_reg/g689846/Y                                                               -       B->Y  F     NAND2X1    AO         1    4.9   124   185   13668    (-,-) 
  soc_ifc_top1/i_soc_ifc_reg/g689829/Y                                                               -       D->Y  R     NOR4X1     AO         1    5.0   379   280   13948    (-,-) 
  soc_ifc_top1/i_soc_ifc_reg/g689811/Y                                                               -       D->Y  F     NAND4X1    AO         1    3.6   198   250   14198    (-,-) 
  soc_ifc_top1/g7002/Y                                                                               -       A->Y  F     AND2X1     AO         2    8.9    76   249   14447    (-,-) 
  soc_ifc_top1/i_soc_ifc_arb/g20338/Y                                                                -       B1->Y R     AOI22X1    AO         1    5.0   229   177   14623    (-,-) 
  soc_ifc_top1/i_soc_ifc_arb/g20152/Y                                                                -       B->Y  F     NAND2X1    AO         2    6.4   119   174   14798    (-,-) 
  soc_ifc_top1/i_axi_sub_sif_soc_ifc/i_axi_sub_rd/DATA_PIPELINE[0].i_dp_skd/g1210/Y                  -       A->Y  F     CLKMX2X2   AO         1   13.2   102   438   15235    (-,-) 
  soc_ifc_top1/i_axi_sub_sif_soc_ifc/i_axi_sub_rd/DATA_PIPELINE[0].i_dp_skd/drc_bufs1280/Y           -       A->Y  F     BUFX16     AO         1 1001.8   376   511   15746    (-,-) 
  s_axi_r_if_rdata[31]                                                                               -       -     F     (port)     AO         -      -     -     7   15753    (-,-) 
#------------------------------------------------------------------------------------------------------------------------------------------------------------------------------------



Path 2: UNCONSTRAINED
           View: ss_100C_1v60.setup_view
     Startpoint: (R) soc_ifc_top1/i_axi_sub_sif_soc_ifc/i_axi_sub_rd/DATA_PIPELINE[0].i_dp_skd/BUF_STAGE.r_valid_reg/CK
          Clock: (R) clk
       Endpoint: (F) s_axi_r_if_rdata[30]

                     Capture    Launch     
        Clock Edge:+       -         0     
       Src Latency:+       -         0     
       Net Latency:+       -         0 (I) 
           Arrival:=       -         0     
                                           
      Launch Clock:-       0               
         Data Path:-   15584               

#------------------------------------------------------------------------------------------------------------------------------------------------------------------------------------
#                                           Timing Point                                             Flags   Arc   Edge   Cell      Power Fanout  Load  Trans Delay Arrival Instance 
#                                                                                                                                  Domain         (fF)   (ps)  (ps)   (ps)  Location 
#------------------------------------------------------------------------------------------------------------------------------------------------------------------------------------
  soc_ifc_top1/i_axi_sub_sif_soc_ifc/i_axi_sub_rd/DATA_PIPELINE[0].i_dp_skd/BUF_STAGE.r_valid_reg/CK -       -     R     (arrival)  AO      5074      -     0     0       0    (-,-) 
  soc_ifc_top1/i_axi_sub_sif_soc_ifc/i_axi_sub_rd/DATA_PIPELINE[0].i_dp_skd/BUF_STAGE.r_valid_reg/Q  -       CK->Q R     SDFFRX4    AO        39  173.0   465   901     901    (-,-) 
  soc_ifc_top1/i_axi_sub_sif_soc_ifc/i_axi_sub_rd/DATA_PIPELINE[0].i_dp_skd/g665/Y                   -       A->Y  F     INVX2      AO         1    3.6    82   118    1020    (-,-) 
  soc_ifc_top1/i_axi_sub_sif_soc_ifc/i_axi_sub_rd/g1455/Y                                            -       B->Y  F     AND2X2     AO         4   18.2    84   248    1268    (-,-) 
  soc_ifc_top1/i_axi_sub_sif_soc_ifc/i_axi_sub_arb/g1399/Y                                           -       A->Y  R     INVX2      AO         1    4.9    50    69    1337    (-,-) 
  soc_ifc_top1/i_axi_sub_sif_soc_ifc/i_axi_sub_arb/g1388/Y                                           -       A->Y  F     NAND2X1    AO         1    5.0    88    95    1432    (-,-) 
  soc_ifc_top1/i_axi_sub_sif_soc_ifc/i_axi_sub_arb/g1386/Y                                           -       B->Y  R     NAND2X1    AO         1    7.8   108   119    1551    (-,-) 
  soc_ifc_top1/i_axi_sub_sif_soc_ifc/i_axi_sub_arb/g1385/Y                                           -       B->Y  F     NAND2X2    AO         4   36.8   219   226    1777    (-,-) 
  soc_ifc_top1/i_axi_sub_sif_soc_ifc/i_axi_sub_arb/g1384/Y                                           -       A->Y  R     CLKINVX8   AO        42  217.5   303   319    2096    (-,-) 
  soc_ifc_top1/i_axi_sub_sif_soc_ifc/i_axi_sub_arb/g1345/Y                                           -       S0->Y F     MX2X1      AO         2    7.6    87   420    2517    (-,-) 
  soc_ifc_top1/i_soc_ifc_arb/g17241/Y                                                                -       A->Y  F     OR2X1      AO         3   14.2   123   351    2868    (-,-) 
  soc_ifc_top1/i_soc_ifc_arb/g17239/Y                                                                -       C->Y  F     OR3X1      AO         2    7.6   116   426    3294    (-,-) 
  soc_ifc_top1/i_soc_ifc_arb/g17232/Y                                                                -       B->Y  F     OR2X1      AO         2    8.9    94   312    3606    (-,-) 
  soc_ifc_top1/i_soc_ifc_arb/g17231/Y                                                                -       B->Y  R     NOR2X1     AO         2    8.9   232   210    3817    (-,-) 
  soc_ifc_top1/i_soc_ifc_arb/g17230/Y                                                                -       C->Y  F     NOR3X1     AO         1    4.9    99   132    3949    (-,-) 
  soc_ifc_top1/i_soc_ifc_arb/g17229/Y                                                                -       B0->Y R     AOI21X1    AO         1    4.8   174   177    4126    (-,-) 
  soc_ifc_top1/i_soc_ifc_arb/g17228/Y                                                                -       A->Y  F     NOR2X1     AO         1    3.3    63   113    4238    (-,-) 
  soc_ifc_top1/i_soc_ifc_arb/g17227/Y                                                                -       D->Y  F     OR4X2      AO        14   58.7   319   894    5132    (-,-) 
  soc_ifc_top1/i_soc_ifc_arb/g17224/Y                                                                -       B->Y  R     NOR2X1     AO         2   19.8   465   462    5594    (-,-) 
  soc_ifc_top1/i_soc_ifc_arb/g17214/Y                                                                -       B->Y  F     NOR2X4     AO        18   82.4   206   314    5907    (-,-) 
  soc_ifc_top1/i_soc_ifc_arb/g17199/Y                                                                -       A1->Y R     AOI22X1    AO         1    7.6   254   300    6208    (-,-) 
  soc_ifc_top1/i_soc_ifc_arb/g17191/Y                                                                -       A->Y  F     CLKINVX2   AO        13   56.1   188   267    6475    (-,-) 
  soc_ifc_top1/i_soc_ifc_reg/g696981/Y                                                               -       A->Y  R     CLKINVX2   AO        11   47.9   269   278    6753    (-,-) 
  soc_ifc_top1/i_soc_ifc_reg/g696881/Y                                                               -       B->Y  R     OR3X2      AO        13   68.0   370   529    7282    (-,-) 
  soc_ifc_top1/i_soc_ifc_reg/g696809/Y                                                               -       A->Y  R     OR2X2      AO         5   19.6   127   387    7669    (-,-) 
  soc_ifc_top1/i_soc_ifc_reg/g696746/Y                                                               -       B->Y  R     OR2X2      AO        14   87.9   471   505    8174    (-,-) 
  soc_ifc_top1/i_soc_ifc_reg/g696722/Y                                                               -       A->Y  F     CLKINVX2   AO         3   10.0   114   169    8343    (-,-) 
  soc_ifc_top1/i_soc_ifc_reg/g695706/Y                                                               -       A->Y  F     AND2X2     AO        27  109.3   334   485    8827    (-,-) 
  soc_ifc_top1/i_soc_ifc_reg/g695105/Y                                                               -       A->Y  R     CLKINVX1   AO         1    7.6   162   197    9024    (-,-) 
  soc_ifc_top1/i_soc_ifc_reg/g695103/Y                                                               -       A->Y  F     CLKINVX2   AO         6   25.1    96   147    9171    (-,-) 
  soc_ifc_top1/i_soc_ifc_reg/g693236/Y                                                               -       A1->Y R     AOI22X1    AO         1    4.8  1446   218    9390    (-,-) 
  soc_ifc_top1/i_soc_ifc_reg/g690758/Y                                                               -       A->Y  F     NAND4X1    AO         1    5.0   332   518    9907    (-,-) 
  soc_ifc_top1/i_soc_ifc_reg/g690536/Y                                                               -       C0->Y R     AOI221X1   AO         1    4.9   334   369   10276    (-,-) 
  soc_ifc_top1/i_soc_ifc_reg/g690277/Y                                                               -       B->Y  F     NAND4X1    AO         1    5.0   190   279   10556    (-,-) 
  soc_ifc_top1/i_soc_ifc_reg/g690187/Y                                                               -       C0->Y R     AOI221X1   AO         1    5.0   321   321   10877    (-,-) 
  soc_ifc_top1/i_soc_ifc_reg/g690151/Y                                                               -       B->Y  F     NAND2X1    AO         1    5.0   125   186   11063    (-,-) 
  soc_ifc_top1/i_soc_ifc_reg/g690124/Y                                                               -       C0->Y R     AOI221X1   AO         1    5.0   320   297   11360    (-,-) 
  soc_ifc_top1/i_soc_ifc_reg/g690087/Y                                                               -       D->Y  F     NAND4X1    AO         1    5.0   199   260   11620    (-,-) 
  soc_ifc_top1/i_soc_ifc_reg/g690074/Y                                                               -       C0->Y R     AOI221X1   AO         1    5.0   322   324   11945    (-,-) 
  soc_ifc_top1/i_soc_ifc_reg/g690026/Y                                                               -       C->Y  F     NAND3X1    AO         1    4.9   158   222   12167    (-,-) 
  soc_ifc_top1/i_soc_ifc_reg/g690020/Y                                                               -       B0->Y R     AOI21X1    AO         1    5.0   180   203   12370    (-,-) 
  soc_ifc_top1/i_soc_ifc_reg/g689972/Y                                                               -       D->Y  F     NAND4X1    AO         1    5.0   190   208   12578    (-,-) 
  soc_ifc_top1/i_soc_ifc_reg/g689953/Y                                                               -       C0->Y R     AOI221X1   AO         1    5.0   321   321   12898    (-,-) 
  soc_ifc_top1/i_soc_ifc_reg/g689902/Y                                                               -       D->Y  F     NAND4X1    AO         1    5.0   199   261   13159    (-,-) 
  soc_ifc_top1/i_soc_ifc_reg/g689866/Y                                                               -       C0->Y R     AOI221X1   AO         1    3.5   274   289   13448    (-,-) 
  soc_ifc_top1/i_soc_ifc_reg/g689833/Y                                                               -       D->Y  R     AND4X1     AO         1    5.0   118   436   13884    (-,-) 
  soc_ifc_top1/i_soc_ifc_reg/g689807/Y                                                               -       D->Y  F     NAND4X1    AO         1    3.6   160   160   14045    (-,-) 
  soc_ifc_top1/g7004/Y                                                                               -       A->Y  F     AND2X1     AO         2    8.9    76   233   14278    (-,-) 
  soc_ifc_top1/i_soc_ifc_arb/g20340/Y                                                                -       B1->Y R     AOI22X1    AO         1    5.0   229   177   14454    (-,-) 
  soc_ifc_top1/i_soc_ifc_arb/g20153/Y                                                                -       B->Y  F     NAND2X1    AO         2    6.4   119   174   14629    (-,-) 
  soc_ifc_top1/i_axi_sub_sif_soc_ifc/i_axi_sub_rd/DATA_PIPELINE[0].i_dp_skd/g1191/Y                  -       A->Y  F     CLKMX2X2   AO         1   13.2   102   438   15066    (-,-) 
  soc_ifc_top1/i_axi_sub_sif_soc_ifc/i_axi_sub_rd/DATA_PIPELINE[0].i_dp_skd/drc_bufs1278/Y           -       A->Y  F     BUFX16     AO         1 1001.8   376   511   15577    (-,-) 
  s_axi_r_if_rdata[30]                                                                               -       -     F     (port)     AO         -      -     -     7   15584    (-,-) 
#------------------------------------------------------------------------------------------------------------------------------------------------------------------------------------



Path 3: UNCONSTRAINED
           View: ss_100C_1v60.setup_view
     Startpoint: (R) soc_ifc_top1/i_axi_sub_sif_soc_ifc/i_axi_sub_rd/DATA_PIPELINE[0].i_dp_skd/BUF_STAGE.r_valid_reg/CK
          Clock: (R) clk
       Endpoint: (F) s_axi_r_if_arready

                     Capture    Launch     
        Clock Edge:+       -         0     
       Src Latency:+       -         0     
       Net Latency:+       -         0 (I) 
           Arrival:=       -         0     
                                           
      Launch Clock:-       0               
         Data Path:-   10035               

#------------------------------------------------------------------------------------------------------------------------------------------------------------------------------------
#                                           Timing Point                                             Flags   Arc   Edge   Cell      Power Fanout  Load  Trans Delay Arrival Instance 
#                                                                                                                                  Domain         (fF)   (ps)  (ps)   (ps)  Location 
#------------------------------------------------------------------------------------------------------------------------------------------------------------------------------------
  soc_ifc_top1/i_axi_sub_sif_soc_ifc/i_axi_sub_rd/DATA_PIPELINE[0].i_dp_skd/BUF_STAGE.r_valid_reg/CK -       -     R     (arrival)  AO      5074      -     0     0       0    (-,-) 
  soc_ifc_top1/i_axi_sub_sif_soc_ifc/i_axi_sub_rd/DATA_PIPELINE[0].i_dp_skd/BUF_STAGE.r_valid_reg/Q  -       CK->Q R     SDFFRX4    AO        39  173.0   465   901     901    (-,-) 
  soc_ifc_top1/i_axi_sub_sif_soc_ifc/i_axi_sub_rd/DATA_PIPELINE[0].i_dp_skd/g665/Y                   -       A->Y  F     INVX2      AO         1    3.6    82   118    1020    (-,-) 
  soc_ifc_top1/i_axi_sub_sif_soc_ifc/i_axi_sub_rd/g1455/Y                                            -       B->Y  F     AND2X2     AO         4   18.2    84   248    1268    (-,-) 
  soc_ifc_top1/i_axi_sub_sif_soc_ifc/i_axi_sub_arb/g1399/Y                                           -       A->Y  R     INVX2      AO         1    4.9    50    69    1337    (-,-) 
  soc_ifc_top1/i_axi_sub_sif_soc_ifc/i_axi_sub_arb/g1388/Y                                           -       A->Y  F     NAND2X1    AO         1    5.0    88    95    1432    (-,-) 
  soc_ifc_top1/i_axi_sub_sif_soc_ifc/i_axi_sub_arb/g1386/Y                                           -       B->Y  R     NAND2X1    AO         1    7.8   108   119    1551    (-,-) 
  soc_ifc_top1/i_axi_sub_sif_soc_ifc/i_axi_sub_arb/g1385/Y                                           -       B->Y  F     NAND2X2    AO         4   36.8   219   226    1777    (-,-) 
  soc_ifc_top1/i_axi_sub_sif_soc_ifc/i_axi_sub_arb/g1384/Y                                           -       A->Y  R     CLKINVX8   AO        42  217.5   303   319    2096    (-,-) 
  soc_ifc_top1/i_axi_sub_sif_soc_ifc/i_axi_sub_arb/g1381/Y                                           -       A->Y  F     CLKINVX8   AO        15   69.3   110   176    2272    (-,-) 
  soc_ifc_top1/i_axi_sub_sif_soc_ifc/i_axi_sub_arb/g1323/Y                                           -       S0->Y F     MX2X1      AO         6   27.6   193   471    2743    (-,-) 
  soc_ifc_top1/g2557/Y                                                                               -       A->Y  R     INVX2      AO         1    4.9    77    95    2838    (-,-) 
  soc_ifc_top1/g2480/Y                                                                               -       B1->Y F     OAI22X1    AO         1    4.8   112   127    2965    (-,-) 
  soc_ifc_top1/g2473/Y                                                                               -       A->Y  R     NOR2X1     AO         1    5.0   156   177    3142    (-,-) 
  soc_ifc_top1/g2465/Y                                                                               -       C->Y  F     NAND3X1    AO         1    4.9   124   164    3306    (-,-) 
  soc_ifc_top1/g2463/Y                                                                               -       D->Y  R     NOR4X1     AO         1    3.6   314   237    3542    (-,-) 
  soc_ifc_top1/g2459/Y                                                                               -       C->Y  R     AND4X1     AO         1   13.1   196   551    4093    (-,-) 
  soc_ifc_top1/i_soc_ifc_arb/g20688/Y                                                                -       B->Y  F     NAND2X4    AO         8   42.1   187   206    4299    (-,-) 
  soc_ifc_top1/i_soc_ifc_arb/g20672/Y                                                                -       B->Y  F     OR2X2      AO         1   13.1   100   422    4721    (-,-) 
  soc_ifc_top1/i_soc_ifc_arb/g20645/Y                                                                -       B->Y  R     NAND2X4    AO        33  143.7   396   323    5044    (-,-) 
  soc_ifc_top1/i_soc_ifc_arb/g20638/Y                                                                -       A->Y  F     CLKINVX4   AO        14   63.2   166   251    5295    (-,-) 
  soc_ifc_top1/i_soc_ifc_arb/g20582/Y                                                                -       B1->Y R     AOI22X1    AO         1    7.6   254   251    5547    (-,-) 
  soc_ifc_top1/i_soc_ifc_arb/g20576/Y                                                                -       A->Y  F     CLKINVX2   AO         5   21.9   112   174    5721    (-,-) 
  soc_ifc_top1/i_sha512_acc_top/i_sha512_acc_csr/g34453/Y                                            -       A->Y  F     OR2X1      AO         2    8.8    94   327    6048    (-,-) 
  soc_ifc_top1/i_sha512_acc_top/i_sha512_acc_csr/g34449/Y                                            -       B->Y  R     NOR2X1     AO         2    9.0   230   211    6260    (-,-) 
  soc_ifc_top1/i_sha512_acc_top/i_sha512_acc_csr/g34445/Y                                            -       A->Y  F     NAND2X1    AO         6   28.7   325   356    6616    (-,-) 
  soc_ifc_top1/i_sha512_acc_top/i_sha512_acc_csr/g34443/Y                                            -       B->Y  R     NOR2X1     AO         2    8.3   257   288    6904    (-,-) 
  soc_ifc_top1/i_sha512_acc_top/i_sha512_acc_csr/g34441/Y                                            -       B->Y  R     CLKAND2X2  AO         3   15.1   101   264    7168    (-,-) 
  soc_ifc_top1/i_sha512_acc_top/g74835/Y                                                             -       B->Y  F     NAND2X1    AO         1    7.5   103   133    7301    (-,-) 
  soc_ifc_top1/i_sha512_acc_top/g74833/Y                                                             -       B->Y  R     NOR2X2     AO         5   23.4   290   253    7554    (-,-) 
  soc_ifc_top1/i_soc_ifc_arb/g20356/Y                                                                -       B->Y  F     NOR2X1     AO         1    4.9    89   144    7698    (-,-) 
  soc_ifc_top1/i_soc_ifc_arb/g20188/Y                                                                -       B1->Y R     OAI222X1   AO         1    7.6   387   261    7959    (-,-) 
  soc_ifc_top1/i_soc_ifc_arb/g20158/Y                                                                -       A->Y  F     CLKINVX2   AO         1    5.0    80   120    8079    (-,-) 
  soc_ifc_top1/i_soc_ifc_arb/g20101/Y                                                                -       B0->Y R     OAI21X1    AO         2   10.3   314   135    8215    (-,-) 
  soc_ifc_top1/i_axi_sub_sif_soc_ifc/i_axi_sub_arb/g735/Y                                            -       A->Y  F     CLKINVX2   AO         1    5.0    70   110    8324    (-,-) 
  soc_ifc_top1/i_axi_sub_sif_soc_ifc/i_axi_sub_arb/g731/Y                                            -       B->Y  R     NAND2X1    AO         2   11.7   149   139    8463    (-,-) 
  soc_ifc_top1/i_axi_sub_sif_soc_ifc/i_axi_sub_rd/g1495/Y                                            -       A->Y  F     CLKINVX2   AO         1    5.0    45    78    8540    (-,-) 
  soc_ifc_top1/i_axi_sub_sif_soc_ifc/i_axi_sub_rd/g1494/Y                                            -       B->Y  R     NAND2X1    AO         3   16.9   199   163    8703    (-,-) 
  soc_ifc_top1/i_axi_sub_sif_soc_ifc/i_axi_sub_rd/g1489/Y                                            -       B->Y  R     OR2X1      AO         2    9.0   112   251    8954    (-,-) 
  soc_ifc_top1/i_axi_sub_sif_soc_ifc/i_axi_sub_rd/g1488/Y                                            -       B->Y  F     NAND2X1    AO         1    5.0    81   118    9072    (-,-) 
  soc_ifc_top1/i_axi_sub_sif_soc_ifc/i_axi_sub_rd/g1487/Y                                            -       B->Y  R     NAND2X1    AO         1   45.8   492   382    9454    (-,-) 
  soc_ifc_top1/i_axi_sub_sif_soc_ifc/i_axi_sub_rd/g1452/Y                                            -       A->Y  F     INVX16     AO         3 1012.6   410   576   10030    (-,-) 
  s_axi_r_if_arready                                                                                 -       -     F     (port)     AO         -      -     -     4   10035    (-,-) 
#------------------------------------------------------------------------------------------------------------------------------------------------------------------------------------



Path 4: UNCONSTRAINED
           View: ss_100C_1v60.setup_view
     Startpoint: (R) soc_ifc_top1/i_axi_sub_sif_soc_ifc/i_axi_sub_wr/i_rsp_skd/BUF_STAGE.REG_OUTPUT.ro_valid_reg/CK
          Clock: (R) clk
       Endpoint: (R) s_axi_w_if_bvalid

                     Capture    Launch     
        Clock Edge:+       -         0     
       Src Latency:+       -         0     
       Net Latency:+       -         0 (I) 
           Arrival:=       -         0     
                                           
      Launch Clock:-       0               
         Data Path:-    7640               

#--------------------------------------------------------------------------------------------------------------------------------------------------------------------------------
#                                         Timing Point                                           Flags   Arc   Edge   Cell      Power Fanout  Load  Trans Delay Arrival Instance 
#                                                                                                                              Domain         (fF)   (ps)  (ps)   (ps)  Location 
#--------------------------------------------------------------------------------------------------------------------------------------------------------------------------------
  soc_ifc_top1/i_axi_sub_sif_soc_ifc/i_axi_sub_wr/i_rsp_skd/BUF_STAGE.REG_OUTPUT.ro_valid_reg/CK -       -     R     (arrival)  AO      5074      -     0     0       0    (-,-) 
  soc_ifc_top1/i_axi_sub_sif_soc_ifc/i_axi_sub_wr/i_rsp_skd/BUF_STAGE.REG_OUTPUT.ro_valid_reg/Q  -       CK->Q R     SDFFRX1    AO         5 1016.4 10039  7636    7636    (-,-) 
  s_axi_w_if_bvalid                                                                              -       -     R     (port)     AO         -      -     -     4    7640    (-,-) 
#--------------------------------------------------------------------------------------------------------------------------------------------------------------------------------



Path 5: UNCONSTRAINED
           View: ss_100C_1v60.setup_view
     Startpoint: (R) rvtop/dmi_wrapper/i_jtag_tap/state_reg[1]/CK
       Endpoint: (R) jtag_tdoEn

                            
      Data Path:-  2420     

#------------------------------------------------------------------------------------------------------------------------------
#                Timing Point                  Flags   Arc   Edge   Cell      Power Fanout  Load  Trans Delay Arrival Instance 
#                                                                            Domain         (fF)   (ps)  (ps)   (ps)  Location 
#------------------------------------------------------------------------------------------------------------------------------
  rvtop/dmi_wrapper/i_jtag_tap/state_reg[1]/CK -       -     R     (arrival)  AO        88      -     0     0       0    (-,-) 
  rvtop/dmi_wrapper/i_jtag_tap/state_reg[1]/Q  -       CK->Q R     DFFRX4     AO         8   35.4   135   648     648    (-,-) 
  rvtop/dmi_wrapper/i_jtag_tap/g3997/Y         -       A->Y  F     CLKINVX2   AO         2    9.0    54    91     739    (-,-) 
  rvtop/dmi_wrapper/i_jtag_tap/g3993/Y         -       B->Y  R     NOR2X1     AO         2    8.9   228   194     933    (-,-) 
  rvtop/dmi_wrapper/i_jtag_tap/g3986/Y         -       B->Y  F     NAND2X1    AO         4   15.4   198   257    1190    (-,-) 
  rvtop/dmi_wrapper/i_jtag_tap/g3984/Y         -       B->Y  F     OR2X2      AO         2   11.7    95   420    1610    (-,-) 
  rvtop/dmi_wrapper/i_jtag_tap/g3982/Y         -       B->Y  R     NAND2X1    AO         1   13.2   162   161    1772    (-,-) 
  rvtop/dmi_wrapper/i_jtag_tap/drc_bufs/Y      -       A->Y  R     BUFX16     AO         1 1001.8   652   641    2413    (-,-) 
  jtag_tdoEn                                   -       -     R     (port)     AO         -      -     -     7    2420    (-,-) 
#------------------------------------------------------------------------------------------------------------------------------



Path 6: UNCONSTRAINED
           View: ss_100C_1v60.setup_view
     Startpoint: (R) soc_ifc_top1/i_axi_sub_sif_soc_ifc/i_axi_sub_wr/i_dp_skd/BUF_STAGE.r_valid_reg/CK
          Clock: (R) clk
       Endpoint: (R) s_axi_w_if_wready

                     Capture    Launch     
        Clock Edge:+       -         0     
       Src Latency:+       -         0     
       Net Latency:+       -         0 (I) 
           Arrival:=       -         0     
                                           
      Launch Clock:-       0               
         Data Path:-    1542               

#-------------------------------------------------------------------------------------------------------------------------------------------------------------------
#                                   Timing Point                                    Flags   Arc   Edge   Cell      Power Fanout  Load  Trans Delay Arrival Instance 
#                                                                                                                 Domain         (fF)   (ps)  (ps)   (ps)  Location 
#-------------------------------------------------------------------------------------------------------------------------------------------------------------------
  soc_ifc_top1/i_axi_sub_sif_soc_ifc/i_axi_sub_wr/i_dp_skd/BUF_STAGE.r_valid_reg/CK -       -     R     (arrival)  AO      5074      -     0     0       0    (-,-) 
  soc_ifc_top1/i_axi_sub_sif_soc_ifc/i_axi_sub_wr/i_dp_skd/BUF_STAGE.r_valid_reg/Q  -       CK->Q F     SDFFRX1    AO         3   15.6   120   540     540    (-,-) 
  soc_ifc_top1/i_axi_sub_sif_soc_ifc/i_axi_sub_wr/i_dp_skd/g534/Y                   -       A->Y  R     CLKINVX1   AO         1    3.6    72    95     635    (-,-) 
  soc_ifc_top1/i_axi_sub_sif_soc_ifc/i_axi_sub_wr/g1164/Y                           -       B->Y  R     AND2X2     AO         1   13.2   109   283     918    (-,-) 
  soc_ifc_top1/i_axi_sub_sif_soc_ifc/i_axi_sub_wr/drc_bufs1166/Y                    -       A->Y  R     BUFX16     AO         1 1001.8   652   617    1534    (-,-) 
  s_axi_w_if_wready                                                                 -       -     R     (port)     AO         -      -     -     7    1542    (-,-) 
#-------------------------------------------------------------------------------------------------------------------------------------------------------------------



Path 7: UNCONSTRAINED
           View: ss_100C_1v60.setup_view
     Startpoint: (R) soc_ifc_top1/i_axi_sub_sif_soc_ifc/i_axi_sub_wr/i_req_skd/BUF_STAGE.r_valid_reg/CK
          Clock: (R) clk
       Endpoint: (R) s_axi_w_if_awready

                     Capture    Launch     
        Clock Edge:+       -         0     
       Src Latency:+       -         0     
       Net Latency:+       -         0 (I) 
           Arrival:=       -         0     
                                           
      Launch Clock:-       0               
         Data Path:-    1530               

#--------------------------------------------------------------------------------------------------------------------------------------------------------------------
#                                   Timing Point                                     Flags   Arc   Edge   Cell      Power Fanout  Load  Trans Delay Arrival Instance 
#                                                                                                                  Domain         (fF)   (ps)  (ps)   (ps)  Location 
#--------------------------------------------------------------------------------------------------------------------------------------------------------------------
  soc_ifc_top1/i_axi_sub_sif_soc_ifc/i_axi_sub_wr/i_req_skd/BUF_STAGE.r_valid_reg/CK -       -     R     (arrival)  AO      5074      -     0     0       0    (-,-) 
  soc_ifc_top1/i_axi_sub_sif_soc_ifc/i_axi_sub_wr/i_req_skd/BUF_STAGE.r_valid_reg/Q  -       CK->Q F     SDFFRX1    AO         2   14.3   113   533     533    (-,-) 
  soc_ifc_top1/i_axi_sub_sif_soc_ifc/i_axi_sub_wr/i_req_skd/g1818/Y                  -       A->Y  R     INVX2      AO         2    7.5    69    92     625    (-,-) 
  soc_ifc_top1/i_axi_sub_sif_soc_ifc/i_axi_sub_wr/g1163/Y                            -       B->Y  R     AND2X2     AO         1   13.2   109   282     907    (-,-) 
  soc_ifc_top1/i_axi_sub_sif_soc_ifc/i_axi_sub_wr/drc_bufs/Y                         -       A->Y  R     BUFX16     AO         2 1005.9   655   618    1525    (-,-) 
  s_axi_w_if_awready                                                                 -       -     R     (port)     AO         -      -     -     5    1530    (-,-) 
#--------------------------------------------------------------------------------------------------------------------------------------------------------------------



Path 8: UNCONSTRAINED
           View: ss_100C_1v60.setup_view
     Startpoint: (R) soc_ifc_top1/i_axi_sub_sif_soc_ifc/i_axi_sub_wr/i_rsp_skd/o_data_reg[0]/CK
          Clock: (R) clk
       Endpoint: (R) s_axi_w_if_bid[0]

                     Capture    Launch     
        Clock Edge:+       -         0     
       Src Latency:+       -         0     
       Net Latency:+       -         0 (I) 
           Arrival:=       -         0     
                                           
      Launch Clock:-       0               
         Data Path:-    1257               

#------------------------------------------------------------------------------------------------------------------------------------------------------------
#                               Timing Point                                 Flags   Arc   Edge   Cell      Power Fanout  Load  Trans Delay Arrival Instance 
#                                                                                                          Domain         (fF)   (ps)  (ps)   (ps)  Location 
#------------------------------------------------------------------------------------------------------------------------------------------------------------
  soc_ifc_top1/i_axi_sub_sif_soc_ifc/i_axi_sub_wr/i_rsp_skd/o_data_reg[0]/CK -       -     R     (arrival)  AO      5074      -     0     0       0    (-,-) 
  soc_ifc_top1/i_axi_sub_sif_soc_ifc/i_axi_sub_wr/i_rsp_skd/o_data_reg[0]/Q  -       CK->Q R     SDFFRX1    AO         2   15.9   200   593     593    (-,-) 
  soc_ifc_top1/i_axi_sub_sif_soc_ifc/i_axi_sub_wr/i_rsp_skd/g417/Y           -       A->Y  R     BUFX16     AO         1 1001.8   652   657    1250    (-,-) 
  s_axi_w_if_bid[0]                                                          -       -     R     (port)     AO         -      -     -     7    1257    (-,-) 
#------------------------------------------------------------------------------------------------------------------------------------------------------------



Path 9: UNCONSTRAINED
           View: ss_100C_1v60.setup_view
     Startpoint: (R) soc_ifc_top1/i_axi_sub_sif_soc_ifc/i_axi_sub_wr/i_rsp_skd/o_data_reg[1]/CK
          Clock: (R) clk
       Endpoint: (R) s_axi_w_if_bid[1]

                     Capture    Launch     
        Clock Edge:+       -         0     
       Src Latency:+       -         0     
       Net Latency:+       -         0 (I) 
           Arrival:=       -         0     
                                           
      Launch Clock:-       0               
         Data Path:-    1257               

#------------------------------------------------------------------------------------------------------------------------------------------------------------
#                               Timing Point                                 Flags   Arc   Edge   Cell      Power Fanout  Load  Trans Delay Arrival Instance 
#                                                                                                          Domain         (fF)   (ps)  (ps)   (ps)  Location 
#------------------------------------------------------------------------------------------------------------------------------------------------------------
  soc_ifc_top1/i_axi_sub_sif_soc_ifc/i_axi_sub_wr/i_rsp_skd/o_data_reg[1]/CK -       -     R     (arrival)  AO      5074      -     0     0       0    (-,-) 
  soc_ifc_top1/i_axi_sub_sif_soc_ifc/i_axi_sub_wr/i_rsp_skd/o_data_reg[1]/Q  -       CK->Q R     SDFFRX1    AO         2   15.9   200   593     593    (-,-) 
  soc_ifc_top1/i_axi_sub_sif_soc_ifc/i_axi_sub_wr/i_rsp_skd/g435/Y           -       A->Y  R     BUFX16     AO         1 1001.8   652   657    1250    (-,-) 
  s_axi_w_if_bid[1]                                                          -       -     R     (port)     AO         -      -     -     7    1257    (-,-) 
#------------------------------------------------------------------------------------------------------------------------------------------------------------



Path 10: UNCONSTRAINED
           View: ss_100C_1v60.setup_view
     Startpoint: (R) soc_ifc_top1/i_axi_sub_sif_soc_ifc/i_axi_sub_wr/i_rsp_skd/o_data_reg[2]/CK
          Clock: (R) clk
       Endpoint: (R) s_axi_w_if_bid[2]

                     Capture    Launch     
        Clock Edge:+       -         0     
       Src Latency:+       -         0     
       Net Latency:+       -         0 (I) 
           Arrival:=       -         0     
                                           
      Launch Clock:-       0               
         Data Path:-    1257               

#------------------------------------------------------------------------------------------------------------------------------------------------------------
#                               Timing Point                                 Flags   Arc   Edge   Cell      Power Fanout  Load  Trans Delay Arrival Instance 
#                                                                                                          Domain         (fF)   (ps)  (ps)   (ps)  Location 
#------------------------------------------------------------------------------------------------------------------------------------------------------------
  soc_ifc_top1/i_axi_sub_sif_soc_ifc/i_axi_sub_wr/i_rsp_skd/o_data_reg[2]/CK -       -     R     (arrival)  AO      5074      -     0     0       0    (-,-) 
  soc_ifc_top1/i_axi_sub_sif_soc_ifc/i_axi_sub_wr/i_rsp_skd/o_data_reg[2]/Q  -       CK->Q R     SDFFRX1    AO         2   15.9   200   593     593    (-,-) 
  soc_ifc_top1/i_axi_sub_sif_soc_ifc/i_axi_sub_wr/i_rsp_skd/g418/Y           -       A->Y  R     BUFX16     AO         1 1001.8   652   657    1250    (-,-) 
  s_axi_w_if_bid[2]                                                          -       -     R     (port)     AO         -      -     -     7    1257    (-,-) 
#------------------------------------------------------------------------------------------------------------------------------------------------------------



Path 11: UNCONSTRAINED
           View: ss_100C_1v60.setup_view
     Startpoint: (R) soc_ifc_top1/i_axi_sub_sif_soc_ifc/i_axi_sub_wr/i_rsp_skd/o_data_reg[3]/CK
          Clock: (R) clk
       Endpoint: (R) s_axi_w_if_bid[3]

                     Capture    Launch     
        Clock Edge:+       -         0     
       Src Latency:+       -         0     
       Net Latency:+       -         0 (I) 
           Arrival:=       -         0     
                                           
      Launch Clock:-       0               
         Data Path:-    1257               

#------------------------------------------------------------------------------------------------------------------------------------------------------------
#                               Timing Point                                 Flags   Arc   Edge   Cell      Power Fanout  Load  Trans Delay Arrival Instance 
#                                                                                                          Domain         (fF)   (ps)  (ps)   (ps)  Location 
#------------------------------------------------------------------------------------------------------------------------------------------------------------
  soc_ifc_top1/i_axi_sub_sif_soc_ifc/i_axi_sub_wr/i_rsp_skd/o_data_reg[3]/CK -       -     R     (arrival)  AO      5074      -     0     0       0    (-,-) 
  soc_ifc_top1/i_axi_sub_sif_soc_ifc/i_axi_sub_wr/i_rsp_skd/o_data_reg[3]/Q  -       CK->Q R     SDFFRX1    AO         2   15.9   200   593     593    (-,-) 
  soc_ifc_top1/i_axi_sub_sif_soc_ifc/i_axi_sub_wr/i_rsp_skd/g433/Y           -       A->Y  R     BUFX16     AO         1 1001.8   652   657    1250    (-,-) 
  s_axi_w_if_bid[3]                                                          -       -     R     (port)     AO         -      -     -     7    1257    (-,-) 
#------------------------------------------------------------------------------------------------------------------------------------------------------------



Path 12: UNCONSTRAINED
           View: ss_100C_1v60.setup_view
     Startpoint: (R) soc_ifc_top1/i_axi_sub_sif_soc_ifc/i_axi_sub_wr/i_rsp_skd/o_data_reg[4]/CK
          Clock: (R) clk
       Endpoint: (R) s_axi_w_if_bid[4]

                     Capture    Launch     
        Clock Edge:+       -         0     
       Src Latency:+       -         0     
       Net Latency:+       -         0 (I) 
           Arrival:=       -         0     
                                           
      Launch Clock:-       0               
         Data Path:-    1257               

#------------------------------------------------------------------------------------------------------------------------------------------------------------
#                               Timing Point                                 Flags   Arc   Edge   Cell      Power Fanout  Load  Trans Delay Arrival Instance 
#                                                                                                          Domain         (fF)   (ps)  (ps)   (ps)  Location 
#------------------------------------------------------------------------------------------------------------------------------------------------------------
  soc_ifc_top1/i_axi_sub_sif_soc_ifc/i_axi_sub_wr/i_rsp_skd/o_data_reg[4]/CK -       -     R     (arrival)  AO      5074      -     0     0       0    (-,-) 
  soc_ifc_top1/i_axi_sub_sif_soc_ifc/i_axi_sub_wr/i_rsp_skd/o_data_reg[4]/Q  -       CK->Q R     SDFFRX1    AO         2   15.9   200   593     593    (-,-) 
  soc_ifc_top1/i_axi_sub_sif_soc_ifc/i_axi_sub_wr/i_rsp_skd/g416/Y           -       A->Y  R     BUFX16     AO         1 1001.8   652   657    1250    (-,-) 
  s_axi_w_if_bid[4]                                                          -       -     R     (port)     AO         -      -     -     7    1257    (-,-) 
#------------------------------------------------------------------------------------------------------------------------------------------------------------



Path 13: UNCONSTRAINED
           View: ss_100C_1v60.setup_view
     Startpoint: (R) soc_ifc_top1/i_axi_sub_sif_soc_ifc/i_axi_sub_wr/i_rsp_skd/o_data_reg[5]/CK
          Clock: (R) clk
       Endpoint: (R) s_axi_w_if_bid[5]

                     Capture    Launch     
        Clock Edge:+       -         0     
       Src Latency:+       -         0     
       Net Latency:+       -         0 (I) 
           Arrival:=       -         0     
                                           
      Launch Clock:-       0               
         Data Path:-    1257               

#------------------------------------------------------------------------------------------------------------------------------------------------------------
#                               Timing Point                                 Flags   Arc   Edge   Cell      Power Fanout  Load  Trans Delay Arrival Instance 
#                                                                                                          Domain         (fF)   (ps)  (ps)   (ps)  Location 
#------------------------------------------------------------------------------------------------------------------------------------------------------------
  soc_ifc_top1/i_axi_sub_sif_soc_ifc/i_axi_sub_wr/i_rsp_skd/o_data_reg[5]/CK -       -     R     (arrival)  AO      5074      -     0     0       0    (-,-) 
  soc_ifc_top1/i_axi_sub_sif_soc_ifc/i_axi_sub_wr/i_rsp_skd/o_data_reg[5]/Q  -       CK->Q R     SDFFRX1    AO         2   15.9   200   593     593    (-,-) 
  soc_ifc_top1/i_axi_sub_sif_soc_ifc/i_axi_sub_wr/i_rsp_skd/g415/Y           -       A->Y  R     BUFX16     AO         1 1001.8   652   657    1250    (-,-) 
  s_axi_w_if_bid[5]                                                          -       -     R     (port)     AO         -      -     -     7    1257    (-,-) 
#------------------------------------------------------------------------------------------------------------------------------------------------------------



Path 14: UNCONSTRAINED
           View: ss_100C_1v60.setup_view
     Startpoint: (R) soc_ifc_top1/i_axi_sub_sif_soc_ifc/i_axi_sub_wr/i_rsp_skd/o_data_reg[6]/CK
          Clock: (R) clk
       Endpoint: (R) s_axi_w_if_bid[6]

                     Capture    Launch     
        Clock Edge:+       -         0     
       Src Latency:+       -         0     
       Net Latency:+       -         0 (I) 
           Arrival:=       -         0     
                                           
      Launch Clock:-       0               
         Data Path:-    1257               

#------------------------------------------------------------------------------------------------------------------------------------------------------------
#                               Timing Point                                 Flags   Arc   Edge   Cell      Power Fanout  Load  Trans Delay Arrival Instance 
#                                                                                                          Domain         (fF)   (ps)  (ps)   (ps)  Location 
#------------------------------------------------------------------------------------------------------------------------------------------------------------
  soc_ifc_top1/i_axi_sub_sif_soc_ifc/i_axi_sub_wr/i_rsp_skd/o_data_reg[6]/CK -       -     R     (arrival)  AO      5074      -     0     0       0    (-,-) 
  soc_ifc_top1/i_axi_sub_sif_soc_ifc/i_axi_sub_wr/i_rsp_skd/o_data_reg[6]/Q  -       CK->Q R     SDFFRX1    AO         2   15.9   200   593     593    (-,-) 
  soc_ifc_top1/i_axi_sub_sif_soc_ifc/i_axi_sub_wr/i_rsp_skd/g413/Y           -       A->Y  R     BUFX16     AO         1 1001.8   652   657    1250    (-,-) 
  s_axi_w_if_bid[6]                                                          -       -     R     (port)     AO         -      -     -     7    1257    (-,-) 
#------------------------------------------------------------------------------------------------------------------------------------------------------------



Path 15: UNCONSTRAINED
           View: ss_100C_1v60.setup_view
     Startpoint: (R) soc_ifc_top1/i_axi_sub_sif_soc_ifc/i_axi_sub_wr/i_rsp_skd/o_data_reg[7]/CK
          Clock: (R) clk
       Endpoint: (R) s_axi_w_if_bid[7]

                     Capture    Launch     
        Clock Edge:+       -         0     
       Src Latency:+       -         0     
       Net Latency:+       -         0 (I) 
           Arrival:=       -         0     
                                           
      Launch Clock:-       0               
         Data Path:-    1257               

#------------------------------------------------------------------------------------------------------------------------------------------------------------
#                               Timing Point                                 Flags   Arc   Edge   Cell      Power Fanout  Load  Trans Delay Arrival Instance 
#                                                                                                          Domain         (fF)   (ps)  (ps)   (ps)  Location 
#------------------------------------------------------------------------------------------------------------------------------------------------------------
  soc_ifc_top1/i_axi_sub_sif_soc_ifc/i_axi_sub_wr/i_rsp_skd/o_data_reg[7]/CK -       -     R     (arrival)  AO      5074      -     0     0       0    (-,-) 
  soc_ifc_top1/i_axi_sub_sif_soc_ifc/i_axi_sub_wr/i_rsp_skd/o_data_reg[7]/Q  -       CK->Q R     SDFFRX1    AO         2   15.9   200   593     593    (-,-) 
  soc_ifc_top1/i_axi_sub_sif_soc_ifc/i_axi_sub_wr/i_rsp_skd/g414/Y           -       A->Y  R     BUFX16     AO         1 1001.8   652   657    1250    (-,-) 
  s_axi_w_if_bid[7]                                                          -       -     R     (port)     AO         -      -     -     7    1257    (-,-) 
#------------------------------------------------------------------------------------------------------------------------------------------------------------



Path 16: UNCONSTRAINED
           View: ss_100C_1v60.setup_view
     Startpoint: (R) soc_ifc_top1/i_axi_sub_sif_soc_ifc/i_axi_sub_wr/i_rsp_skd/o_data_reg[9]/CK
          Clock: (R) clk
       Endpoint: (R) s_axi_w_if_bresp[1]

                     Capture    Launch     
        Clock Edge:+       -         0     
       Src Latency:+       -         0     
       Net Latency:+       -         0 (I) 
           Arrival:=       -         0     
                                           
      Launch Clock:-       0               
         Data Path:-    1257               

#------------------------------------------------------------------------------------------------------------------------------------------------------------
#                               Timing Point                                 Flags   Arc   Edge   Cell      Power Fanout  Load  Trans Delay Arrival Instance 
#                                                                                                          Domain         (fF)   (ps)  (ps)   (ps)  Location 
#------------------------------------------------------------------------------------------------------------------------------------------------------------
  soc_ifc_top1/i_axi_sub_sif_soc_ifc/i_axi_sub_wr/i_rsp_skd/o_data_reg[9]/CK -       -     R     (arrival)  AO      5074      -     0     0       0    (-,-) 
  soc_ifc_top1/i_axi_sub_sif_soc_ifc/i_axi_sub_wr/i_rsp_skd/o_data_reg[9]/Q  -       CK->Q R     SDFFRX1    AO         2   15.9   200   593     593    (-,-) 
  soc_ifc_top1/i_axi_sub_sif_soc_ifc/i_axi_sub_wr/i_rsp_skd/g434/Y           -       A->Y  R     BUFX16     AO         1 1001.8   652   657    1250    (-,-) 
  s_axi_w_if_bresp[1]                                                        -       -     R     (port)     AO         -      -     -     7    1257    (-,-) 
#------------------------------------------------------------------------------------------------------------------------------------------------------------



Path 17: UNCONSTRAINED
           View: ss_100C_1v60.setup_view
     Startpoint: (R) rvtop/dmi_wrapper/i_jtag_tap/tdo_reg/CK
       Endpoint: (R) jtag_tdo

                            
      Data Path:-  1106     

#-------------------------------------------------------------------------------------------------------------------------
#              Timing Point               Flags   Arc   Edge   Cell      Power Fanout  Load  Trans Delay Arrival Instance 
#                                                                       Domain         (fF)   (ps)  (ps)   (ps)  Location 
#-------------------------------------------------------------------------------------------------------------------------
  rvtop/dmi_wrapper/i_jtag_tap/tdo_reg/CK -       -     R     (arrival)  AO         1      -     0     0       0    (-,-) 
  rvtop/dmi_wrapper/i_jtag_tap/tdo_reg/Q  -       CK->Q R     DFFX1      AO         1   13.2   159   460     460    (-,-) 
  rvtop/dmi_wrapper/i_jtag_tap/g3990/Y    -       A->Y  R     BUFX16     AO         1 1001.8   652   640    1099    (-,-) 
  jtag_tdo                                -       -     R     (port)     AO         -      -     -     7    1106    (-,-) 
#-------------------------------------------------------------------------------------------------------------------------



Path 18: UNCONSTRAINED
           View: ss_100C_1v60.setup_view
     Startpoint: (R) soc_ifc_top1/i_soc_ifc_boot_fsm/cptra_noncore_rst_b_nq_reg/CK
          Clock: (R) clk
       Endpoint: (F) aes_inst/keymgr_key_reg[key][0][85]/RN

                     Capture    Launch     
        Clock Edge:+       -         0     
       Src Latency:+       -         0     
       Net Latency:+       -         0 (I) 
           Arrival:=       -         0     
                                           
      Launch Clock:-       0               
         Data Path:-     796               

#----------------------------------------------------------------------------------------------------------------------------------------------
#                         Timing Point                          Flags   Arc   Edge   Cell      Power  Fanout Load Trans Delay Arrival Instance 
#                                                                                             Domain         (fF)  (ps)  (ps)   (ps)  Location 
#----------------------------------------------------------------------------------------------------------------------------------------------
  soc_ifc_top1/i_soc_ifc_boot_fsm/cptra_noncore_rst_b_nq_reg/CK -       -     R     (arrival)  AO        624    -     0     0       0    (-,-) 
  soc_ifc_top1/i_soc_ifc_boot_fsm/cptra_noncore_rst_b_nq_reg/Q  -       CK->Q F     DFFRX1     AO          1  3.7    56   465     465    (-,-) 
  soc_ifc_top1/i_soc_ifc_boot_fsm/g1656/Y                       (a)     A->Y  F     CLKMX2X2   AO     342366  0.0     0   331     796    (-,-) 
  aes_inst/keymgr_key_reg[key][0][85]/RN                        -       -     F     DFFRX1     AO     342366    -     -     0     796    (-,-) 
#----------------------------------------------------------------------------------------------------------------------------------------------

(a) : Net has asynchronous load pins which are being considered ideal.



Path 19: UNCONSTRAINED
           View: ss_100C_1v60.setup_view
     Startpoint: (R) soc_ifc_top1/i_soc_ifc_boot_fsm/cptra_noncore_rst_b_nq_reg/CK
          Clock: (R) clk
       Endpoint: (F) ecc_top1/ecc_dsa_ctrl_i/ecc_hmac_drbg_interface_i/hmac_drbg_i/HMAC_K/u_sha512_core_h1/H5_reg_reg[24]/RN

                     Capture    Launch     
        Clock Edge:+       -         0     
       Src Latency:+       -         0     
       Net Latency:+       -         0 (I) 
           Arrival:=       -         0     
                                           
      Launch Clock:-       0               
         Data Path:-     796               

#----------------------------------------------------------------------------------------------------------------------------------------------------------------------------------------
#                                              Timing Point                                               Flags   Arc   Edge   Cell      Power  Fanout Load Trans Delay Arrival Instance 
#                                                                                                                                       Domain         (fF)  (ps)  (ps)   (ps)  Location 
#----------------------------------------------------------------------------------------------------------------------------------------------------------------------------------------
  soc_ifc_top1/i_soc_ifc_boot_fsm/cptra_noncore_rst_b_nq_reg/CK                                           -       -     R     (arrival)  AO        624    -     0     0       0    (-,-) 
  soc_ifc_top1/i_soc_ifc_boot_fsm/cptra_noncore_rst_b_nq_reg/Q                                            -       CK->Q F     DFFRX1     AO          1  3.7    56   465     465    (-,-) 
  soc_ifc_top1/i_soc_ifc_boot_fsm/g1656/Y                                                                 (a)     A->Y  F     CLKMX2X2   AO     342366  0.0     0   331     796    (-,-) 
  ecc_top1/ecc_dsa_ctrl_i/ecc_hmac_drbg_interface_i/hmac_drbg_i/HMAC_K/u_sha512_core_h1/H5_reg_reg[24]/RN -       -     F     DFFRX1     AO     342366    -     -     0     796    (-,-) 
#----------------------------------------------------------------------------------------------------------------------------------------------------------------------------------------

(a) : Net has asynchronous load pins which are being considered ideal.



Path 20: UNCONSTRAINED
           View: ss_100C_1v60.setup_view
     Startpoint: (R) soc_ifc_top1/i_soc_ifc_boot_fsm/cptra_noncore_rst_b_nq_reg/CK
          Clock: (R) clk
       Endpoint: (F) ecc_top1/ecc_dsa_ctrl_i/ecc_hmac_drbg_interface_i/hmac_drbg_i/HMAC_K/u_sha512_core_h1/H5_reg_reg[23]/RN

                     Capture    Launch     
        Clock Edge:+       -         0     
       Src Latency:+       -         0     
       Net Latency:+       -         0 (I) 
           Arrival:=       -         0     
                                           
      Launch Clock:-       0               
         Data Path:-     796               

#----------------------------------------------------------------------------------------------------------------------------------------------------------------------------------------
#                                              Timing Point                                               Flags   Arc   Edge   Cell      Power  Fanout Load Trans Delay Arrival Instance 
#                                                                                                                                       Domain         (fF)  (ps)  (ps)   (ps)  Location 
#----------------------------------------------------------------------------------------------------------------------------------------------------------------------------------------
  soc_ifc_top1/i_soc_ifc_boot_fsm/cptra_noncore_rst_b_nq_reg/CK                                           -       -     R     (arrival)  AO        624    -     0     0       0    (-,-) 
  soc_ifc_top1/i_soc_ifc_boot_fsm/cptra_noncore_rst_b_nq_reg/Q                                            -       CK->Q F     DFFRX1     AO          1  3.7    56   465     465    (-,-) 
  soc_ifc_top1/i_soc_ifc_boot_fsm/g1656/Y                                                                 (a)     A->Y  F     CLKMX2X2   AO     342366  0.0     0   331     796    (-,-) 
  ecc_top1/ecc_dsa_ctrl_i/ecc_hmac_drbg_interface_i/hmac_drbg_i/HMAC_K/u_sha512_core_h1/H5_reg_reg[23]/RN -       -     F     DFFRX1     AO     342366    -     -     0     796    (-,-) 
#----------------------------------------------------------------------------------------------------------------------------------------------------------------------------------------

(a) : Net has asynchronous load pins which are being considered ideal.



Path 21: UNCONSTRAINED
           View: ss_100C_1v60.setup_view
     Startpoint: (R) soc_ifc_top1/i_soc_ifc_boot_fsm/cptra_noncore_rst_b_nq_reg/CK
          Clock: (R) clk
       Endpoint: (F) key_vault1/kv_reg1/field_storage_reg[KEY_CTRL][15][rsvd0][value]/RN

                     Capture    Launch     
        Clock Edge:+       -         0     
       Src Latency:+       -         0     
       Net Latency:+       -         0 (I) 
           Arrival:=       -         0     
                                           
      Launch Clock:-       0               
         Data Path:-     796               

#----------------------------------------------------------------------------------------------------------------------------------------------------
#                            Timing Point                             Flags   Arc   Edge   Cell      Power  Fanout Load Trans Delay Arrival Instance 
#                                                                                                   Domain         (fF)  (ps)  (ps)   (ps)  Location 
#----------------------------------------------------------------------------------------------------------------------------------------------------
  soc_ifc_top1/i_soc_ifc_boot_fsm/cptra_noncore_rst_b_nq_reg/CK       -       -     R     (arrival)  AO        624    -     0     0       0    (-,-) 
  soc_ifc_top1/i_soc_ifc_boot_fsm/cptra_noncore_rst_b_nq_reg/Q        -       CK->Q F     DFFRX1     AO          1  3.7    56   465     465    (-,-) 
  soc_ifc_top1/i_soc_ifc_boot_fsm/g1656/Y                             (a)     A->Y  F     CLKMX2X2   AO     342366  0.0     0   331     796    (-,-) 
  key_vault1/kv_reg1/field_storage_reg[KEY_CTRL][15][rsvd0][value]/RN -       -     F     SDFFRX1    AO     342366    -     -     0     796    (-,-) 
#----------------------------------------------------------------------------------------------------------------------------------------------------

(a) : Net has asynchronous load pins which are being considered ideal.



Path 22: UNCONSTRAINED
           View: ss_100C_1v60.setup_view
     Startpoint: (R) soc_ifc_top1/i_soc_ifc_boot_fsm/cptra_noncore_rst_b_nq_reg/CK
          Clock: (R) clk
       Endpoint: (F) abr_inst/ntt_gen[0].ntt_top_inst/hybrid_bf2x2/pwm_inst00/mult_inst0/mult_redux46_inst/mod_adder_z_45_23_and_f13_0/r0_sub_or_add/x_reg_reg[22][18][0]/RN

                     Capture    Launch     
        Clock Edge:+       -         0     
       Src Latency:+       -         0     
       Net Latency:+       -         0 (I) 
           Arrival:=       -         0     
                                           
      Launch Clock:-       0               
         Data Path:-     796               

#----------------------------------------------------------------------------------------------------------------------------------------------------------------------------------------------------------------------------------------
#                                                                      Timing Point                                                                       Flags   Arc   Edge   Cell      Power  Fanout Load Trans Delay Arrival Instance 
#                                                                                                                                                                                       Domain         (fF)  (ps)  (ps)   (ps)  Location 
#----------------------------------------------------------------------------------------------------------------------------------------------------------------------------------------------------------------------------------------
  soc_ifc_top1/i_soc_ifc_boot_fsm/cptra_noncore_rst_b_nq_reg/CK                                                                                           -       -     R     (arrival)  AO        624    -     0     0       0    (-,-) 
  soc_ifc_top1/i_soc_ifc_boot_fsm/cptra_noncore_rst_b_nq_reg/Q                                                                                            -       CK->Q F     DFFRX1     AO          1  3.7    56   465     465    (-,-) 
  soc_ifc_top1/i_soc_ifc_boot_fsm/g1656/Y                                                                                                                 (a)     A->Y  F     CLKMX2X2   AO     342366  0.0     0   331     796    (-,-) 
  abr_inst/ntt_gen[0].ntt_top_inst/hybrid_bf2x2/pwm_inst00/mult_inst0/mult_redux46_inst/mod_adder_z_45_23_and_f13_0/r0_sub_or_add/x_reg_reg[22][18][0]/RN -       -     F     DFFRX1     AO     342366    -     -     0     796    (-,-) 
#----------------------------------------------------------------------------------------------------------------------------------------------------------------------------------------------------------------------------------------

(a) : Net has asynchronous load pins which are being considered ideal.



Path 23: UNCONSTRAINED
           View: ss_100C_1v60.setup_view
     Startpoint: (R) soc_ifc_top1/i_soc_ifc_boot_fsm/cptra_noncore_rst_b_nq_reg/CK
          Clock: (R) clk
       Endpoint: (F) abr_inst/ntt_gen[0].ntt_top_inst/hybrid_bf2x2/pwm_inst00/mult_inst0/mult_redux46_inst/mod_adder_z_45_23_and_f13_0/r0_sub_or_add/x_reg_reg[19][19][1]/RN

                     Capture    Launch     
        Clock Edge:+       -         0     
       Src Latency:+       -         0     
       Net Latency:+       -         0 (I) 
           Arrival:=       -         0     
                                           
      Launch Clock:-       0               
         Data Path:-     796               

#----------------------------------------------------------------------------------------------------------------------------------------------------------------------------------------------------------------------------------------
#                                                                      Timing Point                                                                       Flags   Arc   Edge   Cell      Power  Fanout Load Trans Delay Arrival Instance 
#                                                                                                                                                                                       Domain         (fF)  (ps)  (ps)   (ps)  Location 
#----------------------------------------------------------------------------------------------------------------------------------------------------------------------------------------------------------------------------------------
  soc_ifc_top1/i_soc_ifc_boot_fsm/cptra_noncore_rst_b_nq_reg/CK                                                                                           -       -     R     (arrival)  AO        624    -     0     0       0    (-,-) 
  soc_ifc_top1/i_soc_ifc_boot_fsm/cptra_noncore_rst_b_nq_reg/Q                                                                                            -       CK->Q F     DFFRX1     AO          1  3.7    56   465     465    (-,-) 
  soc_ifc_top1/i_soc_ifc_boot_fsm/g1656/Y                                                                                                                 (a)     A->Y  F     CLKMX2X2   AO     342366  0.0     0   331     796    (-,-) 
  abr_inst/ntt_gen[0].ntt_top_inst/hybrid_bf2x2/pwm_inst00/mult_inst0/mult_redux46_inst/mod_adder_z_45_23_and_f13_0/r0_sub_or_add/x_reg_reg[19][19][1]/RN -       -     F     DFFRX1     AO     342366    -     -     0     796    (-,-) 
#----------------------------------------------------------------------------------------------------------------------------------------------------------------------------------------------------------------------------------------

(a) : Net has asynchronous load pins which are being considered ideal.



Path 24: UNCONSTRAINED
           View: ss_100C_1v60.setup_view
     Startpoint: (R) soc_ifc_top1/i_soc_ifc_boot_fsm/cptra_noncore_rst_b_nq_reg/CK
          Clock: (R) clk
       Endpoint: (F) abr_inst/ntt_gen[0].ntt_top_inst/hybrid_bf2x2/pwm_inst00/mult_inst0/mult_redux46_inst/mod_adder_z_45_23_and_f13_0/r0_sub_or_add/x_reg_reg[19][19][0]/RN

                     Capture    Launch     
        Clock Edge:+       -         0     
       Src Latency:+       -         0     
       Net Latency:+       -         0 (I) 
           Arrival:=       -         0     
                                           
      Launch Clock:-       0               
         Data Path:-     796               

#----------------------------------------------------------------------------------------------------------------------------------------------------------------------------------------------------------------------------------------
#                                                                      Timing Point                                                                       Flags   Arc   Edge   Cell      Power  Fanout Load Trans Delay Arrival Instance 
#                                                                                                                                                                                       Domain         (fF)  (ps)  (ps)   (ps)  Location 
#----------------------------------------------------------------------------------------------------------------------------------------------------------------------------------------------------------------------------------------
  soc_ifc_top1/i_soc_ifc_boot_fsm/cptra_noncore_rst_b_nq_reg/CK                                                                                           -       -     R     (arrival)  AO        624    -     0     0       0    (-,-) 
  soc_ifc_top1/i_soc_ifc_boot_fsm/cptra_noncore_rst_b_nq_reg/Q                                                                                            -       CK->Q F     DFFRX1     AO          1  3.7    56   465     465    (-,-) 
  soc_ifc_top1/i_soc_ifc_boot_fsm/g1656/Y                                                                                                                 (a)     A->Y  F     CLKMX2X2   AO     342366  0.0     0   331     796    (-,-) 
  abr_inst/ntt_gen[0].ntt_top_inst/hybrid_bf2x2/pwm_inst00/mult_inst0/mult_redux46_inst/mod_adder_z_45_23_and_f13_0/r0_sub_or_add/x_reg_reg[19][19][0]/RN -       -     F     DFFRX1     AO     342366    -     -     0     796    (-,-) 
#----------------------------------------------------------------------------------------------------------------------------------------------------------------------------------------------------------------------------------------

(a) : Net has asynchronous load pins which are being considered ideal.



Path 25: UNCONSTRAINED
           View: ss_100C_1v60.setup_view
     Startpoint: (R) soc_ifc_top1/i_soc_ifc_boot_fsm/cptra_noncore_rst_b_nq_reg/CK
          Clock: (R) clk
       Endpoint: (F) abr_inst/ntt_gen[0].ntt_top_inst/hybrid_bf2x2/pwm_inst00/mult_inst0/mult_redux46_inst/mod_adder_z_45_23_and_f13_0/r0_sub_or_add/x_reg_reg[20][19][0]/RN

                     Capture    Launch     
        Clock Edge:+       -         0     
       Src Latency:+       -         0     
       Net Latency:+       -         0 (I) 
           Arrival:=       -         0     
                                           
      Launch Clock:-       0               
         Data Path:-     796               

#----------------------------------------------------------------------------------------------------------------------------------------------------------------------------------------------------------------------------------------
#                                                                      Timing Point                                                                       Flags   Arc   Edge   Cell      Power  Fanout Load Trans Delay Arrival Instance 
#                                                                                                                                                                                       Domain         (fF)  (ps)  (ps)   (ps)  Location 
#----------------------------------------------------------------------------------------------------------------------------------------------------------------------------------------------------------------------------------------
  soc_ifc_top1/i_soc_ifc_boot_fsm/cptra_noncore_rst_b_nq_reg/CK                                                                                           -       -     R     (arrival)  AO        624    -     0     0       0    (-,-) 
  soc_ifc_top1/i_soc_ifc_boot_fsm/cptra_noncore_rst_b_nq_reg/Q                                                                                            -       CK->Q F     DFFRX1     AO          1  3.7    56   465     465    (-,-) 
  soc_ifc_top1/i_soc_ifc_boot_fsm/g1656/Y                                                                                                                 (a)     A->Y  F     CLKMX2X2   AO     342366  0.0     0   331     796    (-,-) 
  abr_inst/ntt_gen[0].ntt_top_inst/hybrid_bf2x2/pwm_inst00/mult_inst0/mult_redux46_inst/mod_adder_z_45_23_and_f13_0/r0_sub_or_add/x_reg_reg[20][19][0]/RN -       -     F     DFFRX1     AO     342366    -     -     0     796    (-,-) 
#----------------------------------------------------------------------------------------------------------------------------------------------------------------------------------------------------------------------------------------

(a) : Net has asynchronous load pins which are being considered ideal.



Path 26: UNCONSTRAINED
           View: ss_100C_1v60.setup_view
     Startpoint: (R) soc_ifc_top1/i_soc_ifc_boot_fsm/cptra_noncore_rst_b_nq_reg/CK
          Clock: (R) clk
       Endpoint: (F) soc_ifc_top1/i_sha512_acc_top/core/H0_reg_reg[57]/RN

                     Capture    Launch     
        Clock Edge:+       -         0     
       Src Latency:+       -         0     
       Net Latency:+       -         0 (I) 
           Arrival:=       -         0     
                                           
      Launch Clock:-       0               
         Data Path:-     796               

#----------------------------------------------------------------------------------------------------------------------------------------------
#                         Timing Point                          Flags   Arc   Edge   Cell      Power  Fanout Load Trans Delay Arrival Instance 
#                                                                                             Domain         (fF)  (ps)  (ps)   (ps)  Location 
#----------------------------------------------------------------------------------------------------------------------------------------------
  soc_ifc_top1/i_soc_ifc_boot_fsm/cptra_noncore_rst_b_nq_reg/CK -       -     R     (arrival)  AO        624    -     0     0       0    (-,-) 
  soc_ifc_top1/i_soc_ifc_boot_fsm/cptra_noncore_rst_b_nq_reg/Q  -       CK->Q F     DFFRX1     AO          1  3.7    56   465     465    (-,-) 
  soc_ifc_top1/i_soc_ifc_boot_fsm/g1656/Y                       (a)     A->Y  F     CLKMX2X2   AO     342366  0.0     0   331     796    (-,-) 
  soc_ifc_top1/i_sha512_acc_top/core/H0_reg_reg[57]/RN          -       -     F     DFFRX1     AO     342366    -     -     0     796    (-,-) 
#----------------------------------------------------------------------------------------------------------------------------------------------

(a) : Net has asynchronous load pins which are being considered ideal.



Path 27: UNCONSTRAINED
           View: ss_100C_1v60.setup_view
     Startpoint: (R) soc_ifc_top1/i_soc_ifc_boot_fsm/cptra_noncore_rst_b_nq_reg/CK
          Clock: (R) clk
       Endpoint: (F) cptra_csr_hmac_key_reg_reg[15][16]/RN

                     Capture    Launch     
        Clock Edge:+       -         0     
       Src Latency:+       -         0     
       Net Latency:+       -         0 (I) 
           Arrival:=       -         0     
                                           
      Launch Clock:-       0               
         Data Path:-     796               

#----------------------------------------------------------------------------------------------------------------------------------------------
#                         Timing Point                          Flags   Arc   Edge   Cell      Power  Fanout Load Trans Delay Arrival Instance 
#                                                                                             Domain         (fF)  (ps)  (ps)   (ps)  Location 
#----------------------------------------------------------------------------------------------------------------------------------------------
  soc_ifc_top1/i_soc_ifc_boot_fsm/cptra_noncore_rst_b_nq_reg/CK -       -     R     (arrival)  AO        624    -     0     0       0    (-,-) 
  soc_ifc_top1/i_soc_ifc_boot_fsm/cptra_noncore_rst_b_nq_reg/Q  -       CK->Q F     DFFRX1     AO          1  3.7    56   465     465    (-,-) 
  soc_ifc_top1/i_soc_ifc_boot_fsm/g1656/Y                       (a)     A->Y  F     CLKMX2X2   AO     342366  0.0     0   331     796    (-,-) 
  cptra_csr_hmac_key_reg_reg[15][16]/RN                         -       -     F     DFFRX1     AO     342366    -     -     0     796    (-,-) 
#----------------------------------------------------------------------------------------------------------------------------------------------

(a) : Net has asynchronous load pins which are being considered ideal.



Path 28: UNCONSTRAINED
           View: ss_100C_1v60.setup_view
     Startpoint: (R) soc_ifc_top1/i_soc_ifc_boot_fsm/cptra_noncore_rst_b_nq_reg/CK
          Clock: (R) clk
       Endpoint: (F) cptra_csr_hmac_key_reg_reg[14][16]/RN

                     Capture    Launch     
        Clock Edge:+       -         0     
       Src Latency:+       -         0     
       Net Latency:+       -         0 (I) 
           Arrival:=       -         0     
                                           
      Launch Clock:-       0               
         Data Path:-     796               

#----------------------------------------------------------------------------------------------------------------------------------------------
#                         Timing Point                          Flags   Arc   Edge   Cell      Power  Fanout Load Trans Delay Arrival Instance 
#                                                                                             Domain         (fF)  (ps)  (ps)   (ps)  Location 
#----------------------------------------------------------------------------------------------------------------------------------------------
  soc_ifc_top1/i_soc_ifc_boot_fsm/cptra_noncore_rst_b_nq_reg/CK -       -     R     (arrival)  AO        624    -     0     0       0    (-,-) 
  soc_ifc_top1/i_soc_ifc_boot_fsm/cptra_noncore_rst_b_nq_reg/Q  -       CK->Q F     DFFRX1     AO          1  3.7    56   465     465    (-,-) 
  soc_ifc_top1/i_soc_ifc_boot_fsm/g1656/Y                       (a)     A->Y  F     CLKMX2X2   AO     342366  0.0     0   331     796    (-,-) 
  cptra_csr_hmac_key_reg_reg[14][16]/RN                         -       -     F     DFFRX1     AO     342366    -     -     0     796    (-,-) 
#----------------------------------------------------------------------------------------------------------------------------------------------

(a) : Net has asynchronous load pins which are being considered ideal.



Path 29: UNCONSTRAINED
           View: ss_100C_1v60.setup_view
     Startpoint: (R) soc_ifc_top1/i_soc_ifc_boot_fsm/cptra_noncore_rst_b_nq_reg/CK
          Clock: (R) clk
       Endpoint: (F) cptra_csr_hmac_key_reg_reg[12][16]/RN

                     Capture    Launch     
        Clock Edge:+       -         0     
       Src Latency:+       -         0     
       Net Latency:+       -         0 (I) 
           Arrival:=       -         0     
                                           
      Launch Clock:-       0               
         Data Path:-     796               

#----------------------------------------------------------------------------------------------------------------------------------------------
#                         Timing Point                          Flags   Arc   Edge   Cell      Power  Fanout Load Trans Delay Arrival Instance 
#                                                                                             Domain         (fF)  (ps)  (ps)   (ps)  Location 
#----------------------------------------------------------------------------------------------------------------------------------------------
  soc_ifc_top1/i_soc_ifc_boot_fsm/cptra_noncore_rst_b_nq_reg/CK -       -     R     (arrival)  AO        624    -     0     0       0    (-,-) 
  soc_ifc_top1/i_soc_ifc_boot_fsm/cptra_noncore_rst_b_nq_reg/Q  -       CK->Q F     DFFRX1     AO          1  3.7    56   465     465    (-,-) 
  soc_ifc_top1/i_soc_ifc_boot_fsm/g1656/Y                       (a)     A->Y  F     CLKMX2X2   AO     342366  0.0     0   331     796    (-,-) 
  cptra_csr_hmac_key_reg_reg[12][16]/RN                         -       -     F     DFFRX1     AO     342366    -     -     0     796    (-,-) 
#----------------------------------------------------------------------------------------------------------------------------------------------

(a) : Net has asynchronous load pins which are being considered ideal.



Path 30: UNCONSTRAINED
           View: ss_100C_1v60.setup_view
     Startpoint: (R) soc_ifc_top1/i_soc_ifc_boot_fsm/cptra_noncore_rst_b_nq_reg/CK
          Clock: (R) clk
       Endpoint: (F) cptra_csr_hmac_key_reg_reg[8][16]/RN

                     Capture    Launch     
        Clock Edge:+       -         0     
       Src Latency:+       -         0     
       Net Latency:+       -         0 (I) 
           Arrival:=       -         0     
                                           
      Launch Clock:-       0               
         Data Path:-     796               

#----------------------------------------------------------------------------------------------------------------------------------------------
#                         Timing Point                          Flags   Arc   Edge   Cell      Power  Fanout Load Trans Delay Arrival Instance 
#                                                                                             Domain         (fF)  (ps)  (ps)   (ps)  Location 
#----------------------------------------------------------------------------------------------------------------------------------------------
  soc_ifc_top1/i_soc_ifc_boot_fsm/cptra_noncore_rst_b_nq_reg/CK -       -     R     (arrival)  AO        624    -     0     0       0    (-,-) 
  soc_ifc_top1/i_soc_ifc_boot_fsm/cptra_noncore_rst_b_nq_reg/Q  -       CK->Q F     DFFRX1     AO          1  3.7    56   465     465    (-,-) 
  soc_ifc_top1/i_soc_ifc_boot_fsm/g1656/Y                       (a)     A->Y  F     CLKMX2X2   AO     342366  0.0     0   331     796    (-,-) 
  cptra_csr_hmac_key_reg_reg[8][16]/RN                          -       -     F     DFFRX1     AO     342366    -     -     0     796    (-,-) 
#----------------------------------------------------------------------------------------------------------------------------------------------

(a) : Net has asynchronous load pins which are being considered ideal.



Path 31: UNCONSTRAINED
           View: ss_100C_1v60.setup_view
     Startpoint: (R) soc_ifc_top1/i_soc_ifc_boot_fsm/cptra_noncore_rst_b_nq_reg/CK
          Clock: (R) clk
       Endpoint: (F) cptra_csr_hmac_key_reg_reg[0][16]/RN

                     Capture    Launch     
        Clock Edge:+       -         0     
       Src Latency:+       -         0     
       Net Latency:+       -         0 (I) 
           Arrival:=       -         0     
                                           
      Launch Clock:-       0               
         Data Path:-     796               

#----------------------------------------------------------------------------------------------------------------------------------------------
#                         Timing Point                          Flags   Arc   Edge   Cell      Power  Fanout Load Trans Delay Arrival Instance 
#                                                                                             Domain         (fF)  (ps)  (ps)   (ps)  Location 
#----------------------------------------------------------------------------------------------------------------------------------------------
  soc_ifc_top1/i_soc_ifc_boot_fsm/cptra_noncore_rst_b_nq_reg/CK -       -     R     (arrival)  AO        624    -     0     0       0    (-,-) 
  soc_ifc_top1/i_soc_ifc_boot_fsm/cptra_noncore_rst_b_nq_reg/Q  -       CK->Q F     DFFRX1     AO          1  3.7    56   465     465    (-,-) 
  soc_ifc_top1/i_soc_ifc_boot_fsm/g1656/Y                       (a)     A->Y  F     CLKMX2X2   AO     342366  0.0     0   331     796    (-,-) 
  cptra_csr_hmac_key_reg_reg[0][16]/RN                          -       -     F     DFFRX1     AO     342366    -     -     0     796    (-,-) 
#----------------------------------------------------------------------------------------------------------------------------------------------

(a) : Net has asynchronous load pins which are being considered ideal.



Path 32: UNCONSTRAINED Setup Check with Pin cptra_security_state_Latched_d_reg[device_lifecycle][1]/CK->SI
           View: ss_100C_1v60.setup_view
     Startpoint: (F) security_state[device_lifecycle][1]
       Endpoint: (F) cptra_security_state_Latched_d_reg[device_lifecycle][1]/SI
          Clock: (R) -

                   Capture    Launch  
      Drv Adjust:+       0         0  
                                      
           Setup:-     442            
       Data Path:-       0            

#------------------------------------------------------------------------------------------------------------------------------------------
#                       Timing Point                         Flags   Arc   Edge   Cell      Power Fanout Load Trans Delay Arrival Instance 
#                                                                                          Domain        (fF)  (ps)  (ps)   (ps)  Location 
#------------------------------------------------------------------------------------------------------------------------------------------
  security_state[device_lifecycle][1]                        -       -     F     (arrival)  AO         1  3.6     0     0       0    (-,-) 
  cptra_security_state_Latched_d_reg[device_lifecycle][1]/SI -       -     F     SDFFSX1    AO         1    -     -     0       0    (-,-) 
#------------------------------------------------------------------------------------------------------------------------------------------



Path 33: UNCONSTRAINED
           View: ss_100C_1v60.setup_view
     Startpoint: (R) cg/caliptra_icg/g16/A
       Endpoint: (R) aes_inst/aes_inst/u_aes_core/u_aes_cipher_core/key_dec_q_reg[0][7][22]/CK

                           
      Data Path:-  174     

#----------------------------------------------------------------------------------------------------------------------------------------------------------
#                               Timing Point                                Flags   Arc   Edge   Cell      Power  Fanout Load Trans Delay Arrival Instance 
#                                                                                                         Domain         (fF)  (ps)  (ps)   (ps)  Location 
#----------------------------------------------------------------------------------------------------------------------------------------------------------
  cg/caliptra_icg/g16/A                                                     (b)     -     R     (arrival)  AO          1    -     -     0       0    (-,-) 
  cg/caliptra_icg/g16/Y                                                     (i)     A->Y  R     AND2X2     AO     375358  0.0     0   174     174    (-,-) 
  aes_inst/aes_inst/u_aes_core/u_aes_cipher_core/key_dec_q_reg[0][7][22]/CK -       -     R     DFFRX1     AO     375358    -     -     0     174    (-,-) 
#----------------------------------------------------------------------------------------------------------------------------------------------------------

(i) : Net is ideal.
(b) : Timing paths are broken.



Path 34: UNCONSTRAINED
           View: ss_100C_1v60.setup_view
     Startpoint: (R) cg/caliptra_icg/g16/A
       Endpoint: (R) aes_inst/aes_inst/u_aes_core/gen_ghash.u_aes_ghash/corr_q_reg[0][113]/CK

                           
      Data Path:-  174     

#---------------------------------------------------------------------------------------------------------------------------------------------------------
#                              Timing Point                                Flags   Arc   Edge   Cell      Power  Fanout Load Trans Delay Arrival Instance 
#                                                                                                        Domain         (fF)  (ps)  (ps)   (ps)  Location 
#---------------------------------------------------------------------------------------------------------------------------------------------------------
  cg/caliptra_icg/g16/A                                                    (b)     -     R     (arrival)  AO          1    -     -     0       0    (-,-) 
  cg/caliptra_icg/g16/Y                                                    (i)     A->Y  R     AND2X2     AO     375358  0.0     0   174     174    (-,-) 
  aes_inst/aes_inst/u_aes_core/gen_ghash.u_aes_ghash/corr_q_reg[0][113]/CK -       -     R     SDFFRX1    AO     375358    -     -     0     174    (-,-) 
#---------------------------------------------------------------------------------------------------------------------------------------------------------

(i) : Net is ideal.
(b) : Timing paths are broken.



Path 35: UNCONSTRAINED
           View: ss_100C_1v60.setup_view
     Startpoint: (R) cg/caliptra_icg/g16/A
       Endpoint: (R) aes_inst/aes_inst/u_aes_core/key_init_q_reg[0][2][28]/CK

                           
      Data Path:-  174     

#-----------------------------------------------------------------------------------------------------------------------------------------
#                      Timing Point                        Flags   Arc   Edge   Cell      Power  Fanout Load Trans Delay Arrival Instance 
#                                                                                        Domain         (fF)  (ps)  (ps)   (ps)  Location 
#-----------------------------------------------------------------------------------------------------------------------------------------
  cg/caliptra_icg/g16/A                                    (b)     -     R     (arrival)  AO          1    -     -     0       0    (-,-) 
  cg/caliptra_icg/g16/Y                                    (i)     A->Y  R     AND2X2     AO     375358  0.0     0   174     174    (-,-) 
  aes_inst/aes_inst/u_aes_core/key_init_q_reg[0][2][28]/CK -       -     R     SDFFRX1    AO     375358    -     -     0     174    (-,-) 
#-----------------------------------------------------------------------------------------------------------------------------------------

(i) : Net is ideal.
(b) : Timing paths are broken.



Path 36: UNCONSTRAINED
           View: ss_100C_1v60.setup_view
     Startpoint: (R) cg/caliptra_icg/g16/A
       Endpoint: (R) data_vault1/dv_reg1/field_storage_reg[LockableScratchReg][0][data][value][21]/CK

                           
      Data Path:-  174     

#-----------------------------------------------------------------------------------------------------------------------------------------------------------------
#                                  Timing Point                                    Flags   Arc   Edge   Cell      Power  Fanout Load Trans Delay Arrival Instance 
#                                                                                                                Domain         (fF)  (ps)  (ps)   (ps)  Location 
#-----------------------------------------------------------------------------------------------------------------------------------------------------------------
  cg/caliptra_icg/g16/A                                                            (b)     -     R     (arrival)  AO          1    -     -     0       0    (-,-) 
  cg/caliptra_icg/g16/Y                                                            (i)     A->Y  R     AND2X2     AO     375358  0.0     0   174     174    (-,-) 
  data_vault1/dv_reg1/field_storage_reg[LockableScratchReg][0][data][value][21]/CK -       -     R     SDFFRX1    AO     375358    -     -     0     174    (-,-) 
#-----------------------------------------------------------------------------------------------------------------------------------------------------------------

(i) : Net is ideal.
(b) : Timing paths are broken.



Path 37: UNCONSTRAINED
           View: ss_100C_1v60.setup_view
     Startpoint: (R) cg/caliptra_icg/g16/A
       Endpoint: (R) ecc_top1/ecc_dsa_ctrl_i/ecc_hmac_drbg_interface_i/hmac_drbg_i/HMAC_K/u_sha512_core_h1/H5_reg_reg[24]/CK

                           
      Data Path:-  174     

#----------------------------------------------------------------------------------------------------------------------------------------------------------------------------------------
#                                              Timing Point                                               Flags   Arc   Edge   Cell      Power  Fanout Load Trans Delay Arrival Instance 
#                                                                                                                                       Domain         (fF)  (ps)  (ps)   (ps)  Location 
#----------------------------------------------------------------------------------------------------------------------------------------------------------------------------------------
  cg/caliptra_icg/g16/A                                                                                   (b)     -     R     (arrival)  AO          1    -     -     0       0    (-,-) 
  cg/caliptra_icg/g16/Y                                                                                   (i)     A->Y  R     AND2X2     AO     375358  0.0     0   174     174    (-,-) 
  ecc_top1/ecc_dsa_ctrl_i/ecc_hmac_drbg_interface_i/hmac_drbg_i/HMAC_K/u_sha512_core_h1/H5_reg_reg[24]/CK -       -     R     DFFRX1     AO     375358    -     -     0     174    (-,-) 
#----------------------------------------------------------------------------------------------------------------------------------------------------------------------------------------

(i) : Net is ideal.
(b) : Timing paths are broken.



Path 38: UNCONSTRAINED
           View: ss_100C_1v60.setup_view
     Startpoint: (R) cg/caliptra_icg/g16/A
       Endpoint: (R) ecc_top1/ecc_dsa_ctrl_i/ecc_hmac_drbg_interface_i/hmac_drbg_i/HMAC_K/u_sha512_core_h1/H5_reg_reg[23]/CK

                           
      Data Path:-  174     

#----------------------------------------------------------------------------------------------------------------------------------------------------------------------------------------
#                                              Timing Point                                               Flags   Arc   Edge   Cell      Power  Fanout Load Trans Delay Arrival Instance 
#                                                                                                                                       Domain         (fF)  (ps)  (ps)   (ps)  Location 
#----------------------------------------------------------------------------------------------------------------------------------------------------------------------------------------
  cg/caliptra_icg/g16/A                                                                                   (b)     -     R     (arrival)  AO          1    -     -     0       0    (-,-) 
  cg/caliptra_icg/g16/Y                                                                                   (i)     A->Y  R     AND2X2     AO     375358  0.0     0   174     174    (-,-) 
  ecc_top1/ecc_dsa_ctrl_i/ecc_hmac_drbg_interface_i/hmac_drbg_i/HMAC_K/u_sha512_core_h1/H5_reg_reg[23]/CK -       -     R     DFFRX1     AO     375358    -     -     0     174    (-,-) 
#----------------------------------------------------------------------------------------------------------------------------------------------------------------------------------------

(i) : Net is ideal.
(b) : Timing paths are broken.



Path 39: UNCONSTRAINED
           View: ss_100C_1v60.setup_view
     Startpoint: (R) cg/caliptra_icg/g16/A
       Endpoint: (R) key_vault1/kv_reg1/field_storage_reg[KEY_CTRL][15][rsvd0][value]/CK

                           
      Data Path:-  174     

#----------------------------------------------------------------------------------------------------------------------------------------------------
#                            Timing Point                             Flags   Arc   Edge   Cell      Power  Fanout Load Trans Delay Arrival Instance 
#                                                                                                   Domain         (fF)  (ps)  (ps)   (ps)  Location 
#----------------------------------------------------------------------------------------------------------------------------------------------------
  cg/caliptra_icg/g16/A                                               (b)     -     R     (arrival)  AO          1    -     -     0       0    (-,-) 
  cg/caliptra_icg/g16/Y                                               (i)     A->Y  R     AND2X2     AO     375358  0.0     0   174     174    (-,-) 
  key_vault1/kv_reg1/field_storage_reg[KEY_CTRL][15][rsvd0][value]/CK -       -     R     SDFFRX1    AO     375358    -     -     0     174    (-,-) 
#----------------------------------------------------------------------------------------------------------------------------------------------------

(i) : Net is ideal.
(b) : Timing paths are broken.



Path 40: UNCONSTRAINED
           View: ss_100C_1v60.setup_view
     Startpoint: (R) cg/caliptra_icg/g16/A
       Endpoint: (R) abr_inst/ntt_gen[0].ntt_top_inst/hybrid_bf2x2/pwm_inst00/mult_inst0/mult_redux46_inst/mod_adder_z_45_23_and_f13_0/r0_sub_or_add/x_reg_reg[19][19][1]/CK

                           
      Data Path:-  174     

#----------------------------------------------------------------------------------------------------------------------------------------------------------------------------------------------------------------------------------------
#                                                                      Timing Point                                                                       Flags   Arc   Edge   Cell      Power  Fanout Load Trans Delay Arrival Instance 
#                                                                                                                                                                                       Domain         (fF)  (ps)  (ps)   (ps)  Location 
#----------------------------------------------------------------------------------------------------------------------------------------------------------------------------------------------------------------------------------------
  cg/caliptra_icg/g16/A                                                                                                                                   (b)     -     R     (arrival)  AO          1    -     -     0       0    (-,-) 
  cg/caliptra_icg/g16/Y                                                                                                                                   (i)     A->Y  R     AND2X2     AO     375358  0.0     0   174     174    (-,-) 
  abr_inst/ntt_gen[0].ntt_top_inst/hybrid_bf2x2/pwm_inst00/mult_inst0/mult_redux46_inst/mod_adder_z_45_23_and_f13_0/r0_sub_or_add/x_reg_reg[19][19][1]/CK -       -     R     DFFRX1     AO     375358    -     -     0     174    (-,-) 
#----------------------------------------------------------------------------------------------------------------------------------------------------------------------------------------------------------------------------------------

(i) : Net is ideal.
(b) : Timing paths are broken.



Path 41: UNCONSTRAINED
           View: ss_100C_1v60.setup_view
     Startpoint: (R) cg/caliptra_icg/g16/A
       Endpoint: (R) abr_inst/ntt_gen[0].ntt_top_inst/hybrid_bf2x2/pwm_inst00/mult_inst0/mult_redux46_inst/mod_adder_z_45_23_and_f13_0/r0_sub_or_add/x_reg_reg[19][19][0]/CK

                           
      Data Path:-  174     

#----------------------------------------------------------------------------------------------------------------------------------------------------------------------------------------------------------------------------------------
#                                                                      Timing Point                                                                       Flags   Arc   Edge   Cell      Power  Fanout Load Trans Delay Arrival Instance 
#                                                                                                                                                                                       Domain         (fF)  (ps)  (ps)   (ps)  Location 
#----------------------------------------------------------------------------------------------------------------------------------------------------------------------------------------------------------------------------------------
  cg/caliptra_icg/g16/A                                                                                                                                   (b)     -     R     (arrival)  AO          1    -     -     0       0    (-,-) 
  cg/caliptra_icg/g16/Y                                                                                                                                   (i)     A->Y  R     AND2X2     AO     375358  0.0     0   174     174    (-,-) 
  abr_inst/ntt_gen[0].ntt_top_inst/hybrid_bf2x2/pwm_inst00/mult_inst0/mult_redux46_inst/mod_adder_z_45_23_and_f13_0/r0_sub_or_add/x_reg_reg[19][19][0]/CK -       -     R     DFFRX1     AO     375358    -     -     0     174    (-,-) 
#----------------------------------------------------------------------------------------------------------------------------------------------------------------------------------------------------------------------------------------

(i) : Net is ideal.
(b) : Timing paths are broken.



Path 42: UNCONSTRAINED
           View: ss_100C_1v60.setup_view
     Startpoint: (R) cg/caliptra_icg/g16/A
       Endpoint: (R) abr_inst/ntt_gen[0].ntt_top_inst/hybrid_bf2x2/pwm_inst00/mult_inst0/mult_redux46_inst/mod_adder_z_45_23_and_f13_0/r0_sub_or_add/x_reg_reg[20][19][0]/CK

                           
      Data Path:-  174     

#----------------------------------------------------------------------------------------------------------------------------------------------------------------------------------------------------------------------------------------
#                                                                      Timing Point                                                                       Flags   Arc   Edge   Cell      Power  Fanout Load Trans Delay Arrival Instance 
#                                                                                                                                                                                       Domain         (fF)  (ps)  (ps)   (ps)  Location 
#----------------------------------------------------------------------------------------------------------------------------------------------------------------------------------------------------------------------------------------
  cg/caliptra_icg/g16/A                                                                                                                                   (b)     -     R     (arrival)  AO          1    -     -     0       0    (-,-) 
  cg/caliptra_icg/g16/Y                                                                                                                                   (i)     A->Y  R     AND2X2     AO     375358  0.0     0   174     174    (-,-) 
  abr_inst/ntt_gen[0].ntt_top_inst/hybrid_bf2x2/pwm_inst00/mult_inst0/mult_redux46_inst/mod_adder_z_45_23_and_f13_0/r0_sub_or_add/x_reg_reg[20][19][0]/CK -       -     R     DFFRX1     AO     375358    -     -     0     174    (-,-) 
#----------------------------------------------------------------------------------------------------------------------------------------------------------------------------------------------------------------------------------------

(i) : Net is ideal.
(b) : Timing paths are broken.



Path 43: UNCONSTRAINED
           View: ss_100C_1v60.setup_view
     Startpoint: (R) cg/caliptra_icg/g16/A
       Endpoint: (R) abr_inst/ntt_gen[0].ntt_top_inst/hybrid_bf2x2/pwm_inst00/mult_inst0/mult_redux46_inst/mod_adder_z_45_23_and_f13_0/r0_sub_or_add/x_reg_reg[21][19][0]/CK

                           
      Data Path:-  174     

#----------------------------------------------------------------------------------------------------------------------------------------------------------------------------------------------------------------------------------------
#                                                                      Timing Point                                                                       Flags   Arc   Edge   Cell      Power  Fanout Load Trans Delay Arrival Instance 
#                                                                                                                                                                                       Domain         (fF)  (ps)  (ps)   (ps)  Location 
#----------------------------------------------------------------------------------------------------------------------------------------------------------------------------------------------------------------------------------------
  cg/caliptra_icg/g16/A                                                                                                                                   (b)     -     R     (arrival)  AO          1    -     -     0       0    (-,-) 
  cg/caliptra_icg/g16/Y                                                                                                                                   (i)     A->Y  R     AND2X2     AO     375358  0.0     0   174     174    (-,-) 
  abr_inst/ntt_gen[0].ntt_top_inst/hybrid_bf2x2/pwm_inst00/mult_inst0/mult_redux46_inst/mod_adder_z_45_23_and_f13_0/r0_sub_or_add/x_reg_reg[21][19][0]/CK -       -     R     DFFRX1     AO     375358    -     -     0     174    (-,-) 
#----------------------------------------------------------------------------------------------------------------------------------------------------------------------------------------------------------------------------------------

(i) : Net is ideal.
(b) : Timing paths are broken.



Path 44: UNCONSTRAINED
           View: ss_100C_1v60.setup_view
     Startpoint: (R) cg/caliptra_soc_ifc_icg/g16/A
       Endpoint: (R) soc_ifc_top1/i_sha512_acc_top/core/H0_reg_reg[57]/CK

                           
      Data Path:-  174     

#------------------------------------------------------------------------------------------------------------------------------------
#                    Timing Point                      Flags   Arc   Edge   Cell      Power Fanout Load Trans Delay Arrival Instance 
#                                                                                    Domain        (fF)  (ps)  (ps)   (ps)  Location 
#------------------------------------------------------------------------------------------------------------------------------------
  cg/caliptra_soc_ifc_icg/g16/A                        (b)     -     R     (arrival)  AO         1    -     -     0       0    (-,-) 
  cg/caliptra_soc_ifc_icg/g16/Y                        (i)     A->Y  R     AND2X2     AO      5074  0.0     0   174     174    (-,-) 
  soc_ifc_top1/i_sha512_acc_top/core/H0_reg_reg[57]/CK -       -     R     DFFRX1     AO      5074    -     -     0     174    (-,-) 
#------------------------------------------------------------------------------------------------------------------------------------

(i) : Net is ideal.
(b) : Timing paths are broken.



Path 45: UNCONSTRAINED
           View: ss_100C_1v60.setup_view
     Startpoint: (R) cg/caliptra_soc_ifc_icg/g16/A
       Endpoint: (R) soc_ifc_top1/i_sha512_acc_top/core/H0_reg_reg[56]/CK

                           
      Data Path:-  174     

#------------------------------------------------------------------------------------------------------------------------------------
#                    Timing Point                      Flags   Arc   Edge   Cell      Power Fanout Load Trans Delay Arrival Instance 
#                                                                                    Domain        (fF)  (ps)  (ps)   (ps)  Location 
#------------------------------------------------------------------------------------------------------------------------------------
  cg/caliptra_soc_ifc_icg/g16/A                        (b)     -     R     (arrival)  AO         1    -     -     0       0    (-,-) 
  cg/caliptra_soc_ifc_icg/g16/Y                        (i)     A->Y  R     AND2X2     AO      5074  0.0     0   174     174    (-,-) 
  soc_ifc_top1/i_sha512_acc_top/core/H0_reg_reg[56]/CK -       -     R     DFFRX1     AO      5074    -     -     0     174    (-,-) 
#------------------------------------------------------------------------------------------------------------------------------------

(i) : Net is ideal.
(b) : Timing paths are broken.



Path 46: UNCONSTRAINED
           View: ss_100C_1v60.setup_view
     Startpoint: (F) clk
          Clock: (F) clk
       Endpoint: (F) cptra_security_state_Latched_d_reg[device_lifecycle][1]/CK

                     Capture    Launch     
        Clock Edge:+       -     10000     
        Drv Adjust:+       0         0     
       Src Latency:+       -         0     
       Net Latency:+       -         0 (I) 
           Arrival:=       -     10000     
                                           
      Launch Clock:-   10000               
       Input Delay:-       0               
         Data Path:-       0               

Exceptions/Constraints:
  input_delay              0              create_clock_delay_domain_1_clk_F_0 

#------------------------------------------------------------------------------------------------------------------------------------------
#                       Timing Point                         Flags   Arc   Edge   Cell      Power Fanout Load Trans Delay Arrival Instance 
#                                                                                          Domain        (fF)  (ps)  (ps)   (ps)  Location 
#------------------------------------------------------------------------------------------------------------------------------------------
  clk                                                        (i)     -     F     (arrival)  AO       624  0.0     0     0   10000    (-,-) 
  cptra_security_state_Latched_d_reg[device_lifecycle][1]/CK -       -     F     SDFFSX1    AO       624    -     -     0   10000    (-,-) 
#------------------------------------------------------------------------------------------------------------------------------------------

(i) : Net is ideal.



Path 47: UNCONSTRAINED
           View: ss_100C_1v60.setup_view
     Startpoint: (F) clk
          Clock: (F) clk
       Endpoint: (F) unlock_caliptra_security_state_reg/CK

                     Capture    Launch     
        Clock Edge:+       -     10000     
        Drv Adjust:+       0         0     
       Src Latency:+       -         0     
       Net Latency:+       -         0 (I) 
           Arrival:=       -     10000     
                                           
      Launch Clock:-   10000               
       Input Delay:-       0               
         Data Path:-       0               

Exceptions/Constraints:
  input_delay              0              create_clock_delay_domain_1_clk_F_0 

#---------------------------------------------------------------------------------------------------------------------
#             Timing Point              Flags   Arc   Edge   Cell      Power Fanout Load Trans Delay Arrival Instance 
#                                                                     Domain        (fF)  (ps)  (ps)   (ps)  Location 
#---------------------------------------------------------------------------------------------------------------------
  clk                                   (i)     -     F     (arrival)  AO       624  0.0     0     0   10000    (-,-) 
  unlock_caliptra_security_state_reg/CK -       -     F     DFFSX1     AO       624    -     -     0   10000    (-,-) 
#---------------------------------------------------------------------------------------------------------------------

(i) : Net is ideal.



Path 48: UNCONSTRAINED
           View: ss_100C_1v60.setup_view
     Startpoint: (F) clk
          Clock: (F) clk
       Endpoint: (F) s_axi_active_reg[1]/CK

                     Capture    Launch     
        Clock Edge:+       -     10000     
        Drv Adjust:+       0         0     
       Src Latency:+       -         0     
       Net Latency:+       -         0 (I) 
           Arrival:=       -     10000     
                                           
      Launch Clock:-   10000               
       Input Delay:-       0               
         Data Path:-       0               

Exceptions/Constraints:
  input_delay              0              create_clock_delay_domain_1_clk_F_0 

#------------------------------------------------------------------------------------------------------
#     Timing Point       Flags   Arc   Edge   Cell      Power Fanout Load Trans Delay Arrival Instance 
#                                                      Domain        (fF)  (ps)  (ps)   (ps)  Location 
#------------------------------------------------------------------------------------------------------
  clk                    (i)     -     F     (arrival)  AO       624  0.0     0     0   10000    (-,-) 
  s_axi_active_reg[1]/CK -       -     F     DFFRX1     AO       624    -     -     0   10000    (-,-) 
#------------------------------------------------------------------------------------------------------

(i) : Net is ideal.



Path 49: UNCONSTRAINED
           View: ss_100C_1v60.setup_view
     Startpoint: (F) clk
          Clock: (F) clk
       Endpoint: (F) cptra_security_state_Latched_f_reg[device_lifecycle][1]/CK

                     Capture    Launch     
        Clock Edge:+       -     10000     
        Drv Adjust:+       0         0     
       Src Latency:+       -         0     
       Net Latency:+       -         0 (I) 
           Arrival:=       -     10000     
                                           
      Launch Clock:-   10000               
       Input Delay:-       0               
         Data Path:-       0               

Exceptions/Constraints:
  input_delay              0              create_clock_delay_domain_1_clk_F_0 

#------------------------------------------------------------------------------------------------------------------------------------------
#                       Timing Point                         Flags   Arc   Edge   Cell      Power Fanout Load Trans Delay Arrival Instance 
#                                                                                          Domain        (fF)  (ps)  (ps)   (ps)  Location 
#------------------------------------------------------------------------------------------------------------------------------------------
  clk                                                        (i)     -     F     (arrival)  AO       624  0.0     0     0   10000    (-,-) 
  cptra_security_state_Latched_f_reg[device_lifecycle][1]/CK -       -     F     DFFSX1     AO       624    -     -     0   10000    (-,-) 
#------------------------------------------------------------------------------------------------------------------------------------------

(i) : Net is ideal.



Path 50: UNCONSTRAINED
           View: ss_100C_1v60.setup_view
     Startpoint: (R) cptra_pwrgood
       Endpoint: (R) cptra_scan_mode_Latched_d_reg/RN

                   Capture    Launch  
      Drv Adjust:+       0         0  
                                      
       Data Path:-       0            

#----------------------------------------------------------------------------------------------------------------
#          Timing Point            Flags   Arc   Edge   Cell      Power Fanout Load Trans Delay Arrival Instance 
#                                                                Domain        (fF)  (ps)  (ps)   (ps)  Location 
#----------------------------------------------------------------------------------------------------------------
  cptra_pwrgood                    (a)     -     R     (arrival)  AO     40123  5.0     0     0       0    (-,-) 
  cptra_scan_mode_Latched_d_reg/RN -       -     R     DFFRX1     AO     40123    -     -     0       0    (-,-) 
#----------------------------------------------------------------------------------------------------------------

(a) : Net has asynchronous load pins which are being considered ideal.


